<?xml version="1.0" encoding="UTF-8"?>

<AllergyIntolerance xmlns="http://hl7.org/fhir">
  <id value="AllergyBiologic"/>
  <meta>
    <profile value="https://fhir.ee/allergy/StructureDefinition/ee-tis-allergy-intolerance"/>
  </meta>
  <language value="et"/>
  <text>
    <status value="extensions"/><div xmlns="http://www.w3.org/1999/xhtml" xml:lang="et" lang="et"><p class="res-header-id"><b>Generated Narrative: AllergyIntolerance AllergyBiologic</b></p><a name="AllergyBiologic"> </a><a name="hcAllergyBiologic"> </a><div style="display: inline-block; background-color: #d9e0e7; padding: 6px; margin: 4px; border: 1px solid #8da1b4; border-radius: 5px; line-height: 60%"><p style="margin-bottom: 0px">Language: et</p><p style="margin-bottom: 0px">Profile: <a href="StructureDefinition-ee-tis-allergy-intolerance.html">EE TIS AllergyIntolerance</a></p></div><p><b>clinicalStatus</b>: <span title="Codes:{http://terminology.hl7.org/CodeSystem/allergyintolerance-clinical active}">Active</span></p><p><b>verificationStatus</b>: <span title="Codes:{http://terminology.hl7.org/CodeSystem/allergyintolerance-verification confirmed}">Confirmed</span></p><p><b>type</b>: <span title="Codes:{http://hl7.org/fhir/allergy-intolerance-type allergy}">Allergy</span></p><p><b>category</b>: Biologic</p><p><b>criticality</b>: Low Risk</p><p><b>code</b>: <span title="Codes:{http://snomed.info/sct 424213003}">Allergy to bee venom</span></p><p><b>patient</b>: <code>Patient/$ee-mpi-patient</code></p><p><b>onset</b>: 2024-12-12</p><p><b>recordedDate</b>: 2012-12-13</p><h3>Participants</h3><table class="grid"><tr><td style="display: none">-</td><td><b>Actor</b></td></tr><tr><td style="display: none">*</td><td><code>PractitionerRole/$ee-pract-role</code></td></tr></table><p><b>note</b>: </p><blockquote><div><p>Hirmsasti sügeleb.</p>
</div></blockquote><blockquote><p><b>reaction</b></p><p><b>Diagnose of allergy/intolerance</b>: <a href="Condition-AllergyCondition1.html">Condition Õietolmu põhjustatud allergiline riniit</a></p><h3>Manifestations</h3><table class="grid"><tr><td style="display: none">-</td><td><b>Concept</b></td></tr><tr><td style="display: none">*</td><td><span title="Codes:{http://snomed.info/sct 247472004}">Paistetus</span></td></tr></table><p><b>description</b>: koleluguonhirmus</p><p><b>onset</b>: 2024-11-11</p><p><b>severity</b>: Mild</p><p><b>exposureRoute</b>: <span title="Codes:{http://snomed.info/sct 6064005}">Topical route</span></p></blockquote></div>
  </text>
  <clinicalStatus>
    <coding>
      <system value="http://terminology.hl7.org/CodeSystem/allergyintolerance-clinical"/>
      <code value="active"/>
      <display value="Active"/>
    </coding>
  </clinicalStatus>
  <verificationStatus>
    <coding>
      <system value="http://terminology.hl7.org/CodeSystem/allergyintolerance-verification"/>
      <code value="confirmed"/>
      <display value="Confirmed"/>
    </coding>
  </verificationStatus>
  <type>
    <coding>
      <system value="http://hl7.org/fhir/allergy-intolerance-type"/>
      <code value="allergy"/>
      <display value="Allergy"/>
    </coding>
  </type>
  <category value="biologic"/>
  <criticality value="low"/>
  <code>
    <coding>
      <system value="http://snomed.info/sct"/>
      <code value="424213003"/>
      <display value="Allergy to bee venom"/>
    </coding>
  </code>
  <patient>
    <reference value="Patient/$ee-mpi-patient"/>
  </patient>
  <onsetDateTime value="2024-12-12"/>
  <recordedDate value="2012-12-13"/>
  <participant>
    <actor>
      <reference value="PractitionerRole/$ee-pract-role"/>
    </actor>
  </participant>
  <note>
    <text value="Hirmsasti sügeleb."/>
  </note>
  <reaction>
    <extension url="https://fhir.ee/allergy/StructureDefinition/ee-tis-allergy-diagnosis">
      <valueReference>
        <reference value="Condition/AllergyCondition1"/>
      </valueReference>
    </extension>
    <manifestation>
      <concept>
        <coding>
          <system value="http://snomed.info/sct"/>
          <code value="247472004"/>
          <display value="Paistetus"/>
        </coding>
      </concept>
    </manifestation>
    <description value="koleluguonhirmus"/>
    <onset value="2024-11-11"/>
    <severity value="mild"/>
    <exposureRoute>
      <coding>
        <system value="http://snomed.info/sct"/>
        <code value="6064005"/>
        <display value="Topical route"/>
      </coding>
    </exposureRoute>
  </reaction>
</AllergyIntolerance>