{
  "resourceType" : "AllergyIntolerance",
  "id" : "example",
  "text" : {
    "status" : "extensions",
    "div" : "<div xmlns=\"http://www.w3.org/1999/xhtml\"><p class=\"res-header-id\"><b>Generated Narrative: AllergyIntolerance example</b></p><a name=\"example\"> </a><a name=\"hcexample\"> </a><p><b>Allergy probability</b>: <span title=\"Codes:{https://fhir.ee/CodeSystem/valu-esinemise-sagedus 02}\">Esines 1-2 päeva vältel viimase 3 päeva jooksul</span></p><p><b>code</b>: <span title=\"Codes:\">allergeen</span></p><p><b>patient</b>: <code>Patient/$ee-mpi-patient</code></p></div>"
  },
  "extension" : [{
    "url" : "https://fhir.ee/allergy/StructureDefinition/ee-tis-allergy-probability",
    "valueCodeableConcept" : {
      "coding" : [{
        "system" : "https://fhir.ee/CodeSystem/valu-esinemise-sagedus",
        "code" : "02",
        "display" : "Esines 1-2 päeva vältel viimase 3 päeva jooksul"
      }]
    }
  }],
  "code" : {
    "text" : "allergeen"
  },
  "patient" : {
    "reference" : "Patient/$ee-mpi-patient"
  }
}