{
  "codeSystems" : [
    {
      "url" : "http://hl7.org/fhir/allergy-intolerance-criticality",
      "version" : "5.0.0",
      "status" : "active",
      "name" : "AllergyIntoleranceCriticality",
      "title" : "Allergy Intolerance Criticality",
      "description" : "Estimate of the potential clinical harm, or seriousness, of a reaction to an identified substance.",
      "oids" : [
        "2.16.840.1.113883.4.642.1.120",
        "2.16.840.1.113883.4.642.4.130",
        "2.16.840.1.113883.4.642.2.51"
      ],
      "uses" : {
      },
      "http://hl7.org/fhir/R5/valueset-allergy-intolerance-criticality.html" : "Allergy Intolerance Criticality"
    }
  ]
}
