{
  "codeSystems" : [
    {
      "url" : "http://hl7.org/fhir/allergy-intolerance-category",
      "version" : "5.0.0",
      "status" : "active",
      "name" : "AllergyIntoleranceCategory",
      "title" : "Allergy Intolerance Category",
      "description" : "Category of an identified substance associated with allergies or intolerances.",
      "oids" : [
        "2.16.840.1.113883.4.642.2.53",
        "2.16.840.1.113883.4.642.4.134",
        "2.16.840.1.113883.4.642.1.124"
      ],
      "uses" : {
      },
      "http://hl7.org/fhir/R5/valueset-allergy-intolerance-category.html" : "Allergy Intolerance Category"
    },
    {
      "url" : "http://hl7.org/fhir/allergy-intolerance-criticality",
      "version" : "5.0.0",
      "status" : "active",
      "name" : "AllergyIntoleranceCriticality",
      "title" : "Allergy Intolerance Criticality",
      "description" : "Estimate of the potential clinical harm, or seriousness, of a reaction to an identified substance.",
      "oids" : [
        "2.16.840.1.113883.4.642.1.120",
        "2.16.840.1.113883.4.642.4.130",
        "2.16.840.1.113883.4.642.2.51"
      ],
      "uses" : {
      },
      "http://hl7.org/fhir/R5/valueset-allergy-intolerance-criticality.html" : "Allergy Intolerance Criticality"
    },
    {
      "url" : "http://hl7.org/fhir/allergy-intolerance-type",
      "version" : "5.0.0",
      "status" : "active",
      "name" : "AllergyIntoleranceType",
      "title" : "Allergy Intolerance Type",
      "description" : "Identification of the underlying physiological mechanism for a Reaction Risk.",
      "oids" : [
        "2.16.840.1.113883.4.642.4.132",
        "2.16.840.1.113883.4.642.1.122",
        "2.16.840.1.113883.4.642.2.52"
      ],
      "uses" : {
      },
      "http://hl7.org/fhir/R5/valueset-allergy-intolerance-type.html" : "Allergy Intolerance Type"
    },
    {
      "url" : "http://hl7.org/fhir/reaction-event-severity",
      "version" : "5.0.0",
      "status" : "active",
      "name" : "AllergyIntoleranceSeverity",
      "title" : "Allergy Intolerance Severity",
      "description" : "Clinical assessment of the severity of a reaction event as a whole, potentially considering multiple different manifestations.",
      "oids" : [
        "2.16.840.1.113883.4.642.2.56",
        "2.16.840.1.113883.4.642.1.126",
        "2.16.840.1.113883.4.642.4.136"
      ],
      "uses" : {
      },
      "http://hl7.org/fhir/R5/valueset-reaction-event-severity.html" : "Allergy Intolerance Severity"
    },
    {
      "url" : "http://terminology.hl7.org/CodeSystem/allergyintolerance-clinical",
      "version" : "1.0.1",
      "status" : "active",
      "name" : "AllergyIntoleranceClinicalStatusCodes",
      "title" : "AllergyIntolerance Clinical Status Codes",
      "description" : "Preferred value set for AllergyIntolerance Clinical Status.",
      "oids" : ["2.16.840.1.113883.4.642.1.1373"],
      "uses" : {
      },
      "http://hl7.org/fhir/R5/valueset-allergyintolerance-clinical.html" : "AllergyIntolerance Clinical Status Codes"
    },
    {
      "url" : "http://terminology.hl7.org/CodeSystem/allergyintolerance-verification",
      "version" : "1.0.1",
      "status" : "active",
      "name" : "AllergyIntoleranceVerificationStatus",
      "title" : "AllergyIntolerance Verification Status",
      "description" : "The verification status to support or decline the clinical status of the allergy or intolerance.",
      "oids" : ["2.16.840.1.113883.4.642.1.1371"],
      "uses" : {
      },
      "http://hl7.org/fhir/R5/valueset-allergyintolerance-verification.html" : "AllergyIntolerance Verification Status"
    },
    {
      "url" : "http://terminology.hl7.org/CodeSystem/extra-security-role-type",
      "version" : "1.0.1",
      "status" : "active",
      "name" : "SecurityRoleType",
      "title" : "Security Role Type",
      "description" : "This CodeSystem contains Additional FHIR-defined Security Role types not defined elsewhere",
      "uses" : {
      },
      "http://hl7.org/fhir/R5/valueset-participation-role-type.html" : "Participation Role Type"
    },
    {
      "url" : "urn:ietf:bcp:47",
      "version" : "2.0.1",
      "status" : "active",
      "name" : "Ietf3066",
      "title" : "Tags for the Identification of Languages",
      "description" : "Older value from OID registry.  Superceded; see recommendations in BCP-47.",
      "oids" : ["2.16.840.1.113883.6.121"],
      "uses" : {
      },
      "http://hl7.org/fhir/R5/valueset-all-languages.html" : "All Languages",
      "http://hl7.org/fhir/R5/valueset-languages.html" : "Common Languages"
    }
  ]
}
