<?xml version="1.0" encoding="UTF-8"?><ImplementationGuide xmlns="http://hl7.org/fhir"><id value="ig-ee-allergy"/><text><status value="generated"/><div xmlns="http://www.w3.org/1999/xhtml"><p class="res-header-id"><b>Generated Narrative: ImplementationGuide ig-ee-allergy</b></p><a name="ig-ee-allergy"> </a><a name="hcig-ee-allergy"> </a><h2>EETISIGAllergy</h2><p>The official URL for this implementation guide is: </p><pre>https://fhir.ee/allergy/ImplementationGuide/ig-ee-allergy</pre><div><p>TEHIK IG starter project to Allergy</p>
</div></div></text><url value="https://fhir.ee/allergy/ImplementationGuide/ig-ee-allergy"/><version value="0.1.0"/><name value="EETISIGAllergy"/><title value="EE TIS Allergy IG"/><status value="draft"/><date value="2026-02-20T13:54:17+00:00"/><publisher value="TEHIK"/><contact><name value="TEHIK"/><telecom><system value="url"/><value value="https://www.tehik.ee"/></telecom><telecom><system value="email"/><value value="fhir@tehik.ee"/></telecom></contact><contact><name value="TEHIK Andmekorraldus"/><telecom><system value="email"/><value value="andmekorraldus@tehik.ee"/><use value="work"/></telecom></contact><description value="TEHIK IG starter project to Allergy"/><jurisdiction><coding><system value="urn:iso:std:iso:3166"/><code value="EE"/><display value="Estonia"/></coding></jurisdiction><packageId value="ig-ee-allergy"/><license value="MIT"/><fhirVersion value="5.0.0"/><dependsOn id="hl7tx"><extension url="http://hl7.org/fhir/tools/StructureDefinition/implementationguide-dependency-comment"><valueMarkdown value="Automatically added as a dependency - all IGs depend on HL7 Terminology"/></extension><uri value="http://terminology.hl7.org/ImplementationGuide/hl7.terminology"/><packageId value="hl7.terminology.r5"/><version value="7.0.1"/></dependsOn><dependsOn id="hl7_fhir_uv_extensions"><uri value="http://hl7.org/fhir/extensions/ImplementationGuide/hl7.fhir.uv.extensions"/><packageId value="hl7.fhir.uv.extensions"/><version value="current"/></dependsOn><dependsOn id="ee_fhir_base"><uri value="https://fhir.ee/base/ImplementationGuide/ee.fhir.base"/><packageId value="ee.fhir.base"/><version value="2.0.0"/></dependsOn><dependsOn id="ee_fhir_mpi"><uri value="https://fhir.ee/mpi/ImplementationGuide/ee.fhir.mpi"/><packageId value="ee.fhir.mpi"/><version value="1.5.0"/></dependsOn><definition><extension url="http://hl7.org/fhir/tools/StructureDefinition/ig-internal-dependency"><valueCode value="hl7.fhir.uv.tools.r5#0.9.0"/></extension><grouping id="-str-profile"><name value="Structures: Resource Profiles"/><description value="These define constraints on FHIR resources for systems conforming to this implementation guide."/></grouping><grouping id="-str-extension"><name value="Structures: Extension Definitions"/><description value="These define constraints on FHIR data types for systems conforming to this implementation guide."/></grouping><grouping id="-ex-example"><name value="Example: Example Instances"/><description value="These are example instances that show what data produced and consumed by systems conforming with this implementation guide might look like."/></grouping><resource><extension url="http://hl7.org/fhir/tools/StructureDefinition/resource-sort"><valueInteger value="999999999"/></extension><extension url="http://hl7.org/fhir/StructureDefinition/implementationguide-page"><valueUri value="StructureDefinition-ee-tis-allergy-intolerance.html"/></extension><reference><reference value="StructureDefinition/ee-tis-allergy-intolerance"/></reference><name value="EE TIS AllergyIntolerance"/><description value="A base profile for allergy and intolerance. (ee Tervishoiutöötaja poolt registreeritav allergia.)"/><isExample value="false"/><groupingId value="-str-profile"/></resource><resource><extension url="http://hl7.org/fhir/tools/StructureDefinition/resource-sort"><valueInteger value="999999999"/></extension><extension url="http://hl7.org/fhir/StructureDefinition/implementationguide-page"><valueUri value="StructureDefinition-ee-tis-allergy-patient-reported.html"/></extension><reference><reference value="StructureDefinition/ee-tis-allergy-patient-reported"/></reference><name value="EE TIS AllergyIntolerance Patient Reported"/><description value="A profile for allergy or intolerance which is reported by patient or RelatedPerson."/><isExample value="false"/><groupingId value="-str-profile"/></resource><resource><extension url="http://hl7.org/fhir/tools/StructureDefinition/resource-sort"><valueInteger value="999999999"/></extension><extension url="http://hl7.org/fhir/StructureDefinition/implementationguide-page"><valueUri value="StructureDefinition-ee-tis-allergy-intolerance-no-allergy.html"/></extension><reference><reference value="StructureDefinition/ee-tis-allergy-intolerance-no-allergy"/></reference><name value="EE TIS AllergyIntoleranceNoAllergy"/><description value="A profile when there is NO KNOWN allergy/intolerance."/><isExample value="false"/><groupingId value="-str-profile"/></resource><resource><extension url="http://hl7.org/fhir/tools/StructureDefinition/resource-sort"><valueInteger value="999999999"/></extension><extension url="http://hl7.org/fhir/StructureDefinition/implementationguide-page"><valueUri value="StructureDefinition-ee-tis-allergy-condition.html"/></extension><reference><reference value="StructureDefinition/ee-tis-allergy-condition"/></reference><name value="EE TIS Condition"/><description value="A profile for condition/diagnose allergy and intolerance."/><isExample value="false"/><groupingId value="-str-profile"/></resource><resource><extension url="http://hl7.org/fhir/tools/StructureDefinition/resource-sort"><valueInteger value="999999999"/></extension><extension url="http://hl7.org/fhir/StructureDefinition/implementationguide-page"><valueUri value="StructureDefinition-ee-tis-allergy-diagnosis.html"/></extension><reference><reference value="StructureDefinition/ee-tis-allergy-diagnosis"/></reference><name value="Diagnose of allergy/intolerance"/><description value="Reference to a diagnose related to allergy/intolerance. (ee Kinnitus tõenäosusele, mis on seotud kalduvuse või potentsiaalse riskiga reaktsiooni suhtes tuvastatud ainele.)"/><isExample value="false"/><groupingId value="-str-extension"/></resource><resource><extension url="http://hl7.org/fhir/tools/StructureDefinition/resource-sort"><valueInteger value="999999999"/></extension><extension url="http://hl7.org/fhir/StructureDefinition/implementationguide-page"><valueUri value="AllergyIntolerance-AllergyMedicationFourSubstances.html"/></extension><reference><reference value="AllergyIntolerance/AllergyMedicationFourSubstances"/></reference><name value="An example of a medication allergy, reaction with many substances."/><description value="Example of a medication allergy where several different penicillin related substances cause reaction"/><isExample value="true"/><profile value="https://fhir.ee/allergy/StructureDefinition/ee-tis-allergy-intolerance"/><groupingId value="-ex-example"/></resource><resource><extension url="http://hl7.org/fhir/tools/StructureDefinition/resource-sort"><valueInteger value="999999999"/></extension><extension url="http://hl7.org/fhir/StructureDefinition/implementationguide-page"><valueUri value="AllergyIntolerance-AllergyBiologic.html"/></extension><reference><reference value="AllergyIntolerance/AllergyBiologic"/></reference><name value="Example of a biologic allergy"/><description value="An example of a biologic allergy."/><isExample value="true"/><profile value="https://fhir.ee/allergy/StructureDefinition/ee-tis-allergy-intolerance"/><groupingId value="-ex-example"/></resource><resource><extension url="http://hl7.org/fhir/tools/StructureDefinition/resource-sort"><valueInteger value="999999999"/></extension><extension url="http://hl7.org/fhir/StructureDefinition/implementationguide-page"><valueUri value="Condition-AllergyCondition1.html"/></extension><reference><reference value="Condition/AllergyCondition1"/></reference><name value="Example of a diagnose reference related to allergy"/><description value="Example of a diagnose related to allergy"/><isExample value="true"/><profile value="https://fhir.ee/allergy/StructureDefinition/ee-tis-allergy-condition"/><groupingId value="-ex-example"/></resource><resource><extension url="http://hl7.org/fhir/tools/StructureDefinition/resource-sort"><valueInteger value="999999999"/></extension><extension url="http://hl7.org/fhir/StructureDefinition/implementationguide-page"><valueUri value="AllergyIntolerance-AllergyEnvironment.html"/></extension><reference><reference value="AllergyIntolerance/AllergyEnvironment"/></reference><name value="Example of a environmental allergy"/><description value="An example of a environmental allergy."/><isExample value="true"/><profile value="https://fhir.ee/allergy/StructureDefinition/ee-tis-allergy-intolerance"/><groupingId value="-ex-example"/></resource><resource><extension url="http://hl7.org/fhir/tools/StructureDefinition/resource-sort"><valueInteger value="999999999"/></extension><extension url="http://hl7.org/fhir/StructureDefinition/implementationguide-page"><valueUri value="AllergyIntolerance-AllergyFood.html"/></extension><reference><reference value="AllergyIntolerance/AllergyFood"/></reference><name value="Example of a food allergy"/><description value="An example of a food allergy."/><isExample value="true"/><profile value="https://fhir.ee/allergy/StructureDefinition/ee-tis-allergy-intolerance"/><groupingId value="-ex-example"/></resource><resource><extension url="http://hl7.org/fhir/tools/StructureDefinition/resource-sort"><valueInteger value="999999999"/></extension><extension url="http://hl7.org/fhir/StructureDefinition/implementationguide-page"><valueUri value="AllergyIntolerance-AllergyMedication.html"/></extension><reference><reference value="AllergyIntolerance/AllergyMedication"/></reference><name value="Example of a medication allergy"/><description value="An example of a medication allergy."/><isExample value="true"/><profile value="https://fhir.ee/allergy/StructureDefinition/ee-tis-allergy-intolerance"/><groupingId value="-ex-example"/></resource><resource><extension url="http://hl7.org/fhir/tools/StructureDefinition/resource-sort"><valueInteger value="999999999"/></extension><extension url="http://hl7.org/fhir/StructureDefinition/implementationguide-page"><valueUri value="AllergyIntolerance-noAllergy.html"/></extension><reference><reference value="AllergyIntolerance/noAllergy"/></reference><name value="Example of no known Allergy"/><description value="An example of a no known allergy."/><isExample value="true"/><profile value="https://fhir.ee/allergy/StructureDefinition/ee-tis-allergy-intolerance-no-allergy"/><groupingId value="-ex-example"/></resource><resource><extension url="http://hl7.org/fhir/tools/StructureDefinition/resource-sort"><valueInteger value="999999999"/></extension><extension url="http://hl7.org/fhir/StructureDefinition/implementationguide-page"><valueUri value="AllergyIntolerance-AllergyPatientReportedFood.html"/></extension><reference><reference value="AllergyIntolerance/AllergyPatientReportedFood"/></reference><name value="Example of patient reported food allergy."/><description value="A food allergy reported by patient."/><isExample value="true"/><profile value="https://fhir.ee/allergy/StructureDefinition/ee-tis-allergy-patient-reported"/><groupingId value="-ex-example"/></resource><resource><extension url="http://hl7.org/fhir/tools/StructureDefinition/resource-sort"><valueInteger value="999999999"/></extension><extension url="http://hl7.org/fhir/StructureDefinition/implementationguide-page"><valueUri value="AllergyIntolerance-AllergyPatientReportedDrug.html"/></extension><reference><reference value="AllergyIntolerance/AllergyPatientReportedDrug"/></reference><name value="Patient reported medication allergy"/><description value="A medication allergy reported by patient."/><isExample value="true"/><profile value="https://fhir.ee/allergy/StructureDefinition/ee-tis-allergy-patient-reported"/><groupingId value="-ex-example"/></resource><page><sourceUrl value="toc.html"/><name value="toc.html"/><title value="Table of Contents"/><generation value="html"/><page><sourceUrl value="index.html"/><name value="index.html"/><title value="Home"/><generation value="markdown"/></page><page><sourceUrl value="intolerance.html"/><name value="intolerance.html"/><title value="Intolerance"/><generation value="markdown"/></page><page><sourceUrl value="page2.html"/><name value="page2.html"/><title value="Sample page 2"/><generation value="markdown"/></page><page><sourceUrl value="downloads.html"/><name value="downloads.html"/><title value="Downloads"/><generation value="html"/></page><page><sourceUrl value="contacts.html"/><name value="contacts.html"/><title value="Contacts"/><generation value="markdown"/></page><page><sourceUrl value="search.html"/><name value="search.html"/><title value="Search"/><generation value="html"/></page><page><sourceUrl value="artifacts.html"/><name value="artifacts.html"/><title value="Artifacts Summary"/><generation value="html"/><page><sourceUrl value="StructureDefinition-ee-tis-allergy-intolerance.html"/><name value="StructureDefinition-ee-tis-allergy-intolerance.html"/><title value="EE TIS AllergyIntolerance"/><generation value="generated"/></page><page><sourceUrl value="StructureDefinition-ee-tis-allergy-patient-reported.html"/><name value="StructureDefinition-ee-tis-allergy-patient-reported.html"/><title value="EE TIS AllergyIntolerance Patient Reported"/><generation value="generated"/></page><page><sourceUrl value="StructureDefinition-ee-tis-allergy-intolerance-no-allergy.html"/><name value="StructureDefinition-ee-tis-allergy-intolerance-no-allergy.html"/><title value="EE TIS AllergyIntoleranceNoAllergy"/><generation value="generated"/></page><page><sourceUrl value="StructureDefinition-ee-tis-allergy-condition.html"/><name value="StructureDefinition-ee-tis-allergy-condition.html"/><title value="EE TIS Condition"/><generation value="generated"/></page><page><sourceUrl value="StructureDefinition-ee-tis-allergy-diagnosis.html"/><name value="StructureDefinition-ee-tis-allergy-diagnosis.html"/><title value="Diagnose of allergy/intolerance"/><generation value="generated"/></page><page><sourceUrl value="AllergyIntolerance-AllergyMedicationFourSubstances.html"/><name value="AllergyIntolerance-AllergyMedicationFourSubstances.html"/><title value="An example of a medication allergy, reaction with many substances."/><generation value="generated"/></page><page><sourceUrl value="AllergyIntolerance-AllergyBiologic.html"/><name value="AllergyIntolerance-AllergyBiologic.html"/><title value="Example of a biologic allergy"/><generation value="generated"/></page><page><sourceUrl value="Condition-AllergyCondition1.html"/><name value="Condition-AllergyCondition1.html"/><title value="Example of a diagnose reference related to allergy"/><generation value="generated"/></page><page><sourceUrl value="AllergyIntolerance-AllergyEnvironment.html"/><name value="AllergyIntolerance-AllergyEnvironment.html"/><title value="Example of a environmental allergy"/><generation value="generated"/></page><page><sourceUrl value="AllergyIntolerance-AllergyFood.html"/><name value="AllergyIntolerance-AllergyFood.html"/><title value="Example of a food allergy"/><generation value="generated"/></page><page><sourceUrl value="AllergyIntolerance-AllergyMedication.html"/><name value="AllergyIntolerance-AllergyMedication.html"/><title value="Example of a medication allergy"/><generation value="generated"/></page><page><sourceUrl value="AllergyIntolerance-noAllergy.html"/><name value="AllergyIntolerance-noAllergy.html"/><title value="Example of no known Allergy"/><generation value="generated"/></page><page><sourceUrl value="AllergyIntolerance-AllergyPatientReportedFood.html"/><name value="AllergyIntolerance-AllergyPatientReportedFood.html"/><title value="Example of patient reported food allergy."/><generation value="generated"/></page><page><sourceUrl value="AllergyIntolerance-AllergyPatientReportedDrug.html"/><name value="AllergyIntolerance-AllergyPatientReportedDrug.html"/><title value="Patient reported medication allergy"/><generation value="generated"/></page></page></page><parameter><code><system value="http://hl7.org/fhir/tools/CodeSystem/ig-parameters"/><code value="copyrightyear"/></code><value value="2025+"/></parameter><parameter><code><system value="http://hl7.org/fhir/tools/CodeSystem/ig-parameters"/><code value="releaselabel"/></code><value value="draft"/></parameter><parameter><code><system value="http://hl7.org/fhir/tools/CodeSystem/ig-parameters"/><code value="excludettl"/></code><value value="true"/></parameter><parameter><code><system value="http://hl7.org/fhir/tools/CodeSystem/ig-parameters"/><code value="validation"/></code><value value="allow-any-extensions"/></parameter><parameter><code><system value="http://hl7.org/fhir/tools/CodeSystem/ig-parameters"/><code value="show-inherited-invariants"/></code><value value="false"/></parameter><parameter><code><system value="http://hl7.org/fhir/tools/CodeSystem/ig-parameters"/><code value="autoload-resources"/></code><value value="true"/></parameter><parameter><code><system value="http://hl7.org/fhir/guide-parameter-code"/><code value="path-resource"/></code><value value="input/capabilities"/></parameter><parameter><code><system value="http://hl7.org/fhir/guide-parameter-code"/><code value="path-resource"/></code><value value="input/examples"/></parameter><parameter><code><system value="http://hl7.org/fhir/guide-parameter-code"/><code value="path-resource"/></code><value value="input/extensions"/></parameter><parameter><code><system value="http://hl7.org/fhir/guide-parameter-code"/><code value="path-resource"/></code><value value="input/models"/></parameter><parameter><code><system value="http://hl7.org/fhir/guide-parameter-code"/><code value="path-resource"/></code><value value="input/operations"/></parameter><parameter><code><system value="http://hl7.org/fhir/guide-parameter-code"/><code value="path-resource"/></code><value value="input/profiles"/></parameter><parameter><code><system value="http://hl7.org/fhir/guide-parameter-code"/><code value="path-resource"/></code><value value="input/resources"/></parameter><parameter><code><system value="http://hl7.org/fhir/guide-parameter-code"/><code value="path-resource"/></code><value value="input/vocabulary"/></parameter><parameter><code><system value="http://hl7.org/fhir/guide-parameter-code"/><code value="path-resource"/></code><value value="input/maps"/></parameter><parameter><code><system value="http://hl7.org/fhir/guide-parameter-code"/><code value="path-resource"/></code><value value="input/testing"/></parameter><parameter><code><system value="http://hl7.org/fhir/guide-parameter-code"/><code value="path-resource"/></code><value value="input/history"/></parameter><parameter><code><system value="http://hl7.org/fhir/guide-parameter-code"/><code value="path-resource"/></code><value value="fsh-generated/resources"/></parameter><parameter><code><system value="http://hl7.org/fhir/guide-parameter-code"/><code value="path-pages"/></code><value value="template/config"/></parameter><parameter><code><system value="http://hl7.org/fhir/guide-parameter-code"/><code value="path-pages"/></code><value value="input/images"/></parameter><parameter><code><system value="http://hl7.org/fhir/tools/CodeSystem/ig-parameters"/><code value="path-liquid"/></code><value value="template/liquid"/></parameter><parameter><code><system value="http://hl7.org/fhir/tools/CodeSystem/ig-parameters"/><code value="path-liquid"/></code><value value="input/liquid"/></parameter><parameter><code><system value="http://hl7.org/fhir/tools/CodeSystem/ig-parameters"/><code value="path-qa"/></code><value value="temp/qa"/></parameter><parameter><code><system value="http://hl7.org/fhir/tools/CodeSystem/ig-parameters"/><code value="path-temp"/></code><value value="temp/pages"/></parameter><parameter><code><system value="http://hl7.org/fhir/tools/CodeSystem/ig-parameters"/><code value="path-output"/></code><value value="output"/></parameter><parameter><code><system value="http://hl7.org/fhir/guide-parameter-code"/><code value="path-tx-cache"/></code><value value="input-cache/txcache"/></parameter><parameter><code><system value="http://hl7.org/fhir/tools/CodeSystem/ig-parameters"/><code value="path-suppressed-warnings"/></code><value value="input/ignoreWarnings.txt"/></parameter><parameter><code><system value="http://hl7.org/fhir/tools/CodeSystem/ig-parameters"/><code value="path-history"/></code><value value="https://fhir.ee/allergy/history.html"/></parameter><parameter><code><system value="http://hl7.org/fhir/tools/CodeSystem/ig-parameters"/><code value="template-html"/></code><value value="template-page.html"/></parameter><parameter><code><system value="http://hl7.org/fhir/tools/CodeSystem/ig-parameters"/><code value="template-md"/></code><value value="template-page-md.html"/></parameter><parameter><code><system value="http://hl7.org/fhir/tools/CodeSystem/ig-parameters"/><code value="apply-contact"/></code><value value="true"/></parameter><parameter><code><system value="http://hl7.org/fhir/tools/CodeSystem/ig-parameters"/><code value="apply-context"/></code><value value="true"/></parameter><parameter><code><system value="http://hl7.org/fhir/tools/CodeSystem/ig-parameters"/><code value="apply-copyright"/></code><value value="true"/></parameter><parameter><code><system value="http://hl7.org/fhir/tools/CodeSystem/ig-parameters"/><code value="apply-jurisdiction"/></code><value value="true"/></parameter><parameter><code><system value="http://hl7.org/fhir/tools/CodeSystem/ig-parameters"/><code value="apply-license"/></code><value value="true"/></parameter><parameter><code><system value="http://hl7.org/fhir/tools/CodeSystem/ig-parameters"/><code value="apply-publisher"/></code><value value="true"/></parameter><parameter><code><system value="http://hl7.org/fhir/tools/CodeSystem/ig-parameters"/><code value="apply-version"/></code><value value="true"/></parameter><parameter><code><system value="http://hl7.org/fhir/tools/CodeSystem/ig-parameters"/><code value="apply-wg"/></code><value value="true"/></parameter><parameter><code><system value="http://hl7.org/fhir/tools/CodeSystem/ig-parameters"/><code value="active-tables"/></code><value value="true"/></parameter><parameter><code><system value="http://hl7.org/fhir/tools/CodeSystem/ig-parameters"/><code value="fmm-definition"/></code><value value="http://hl7.org/fhir/versions.html#maturity"/></parameter><parameter><code><system value="http://hl7.org/fhir/tools/CodeSystem/ig-parameters"/><code value="propagate-status"/></code><value value="true"/></parameter><parameter><code><system value="http://hl7.org/fhir/tools/CodeSystem/ig-parameters"/><code value="excludelogbinaryformat"/></code><value value="true"/></parameter><parameter><code><system value="http://hl7.org/fhir/tools/CodeSystem/ig-parameters"/><code value="tabbed-snapshots"/></code><value value="true"/></parameter></definition></ImplementationGuide>