{
  "resourceType" : "AllergyIntolerance",
  "id" : "AllergyPatientReportedDrug",
  "meta" : {
    "profile" : ["https://fhir.ee/allergy/StructureDefinition/ee-tis-allergy-patient-reported"]
  },
  "language" : "et",
  "text" : {
    "status" : "generated",
    "div" : "<div xmlns=\"http://www.w3.org/1999/xhtml\" xml:lang=\"et\" lang=\"et\"><p class=\"res-header-id\"><b>Generated Narrative: AllergyIntolerance AllergyPatientReportedDrug</b></p><a name=\"AllergyPatientReportedDrug\"> </a><a name=\"hcAllergyPatientReportedDrug\"> </a><div style=\"display: inline-block; background-color: #d9e0e7; padding: 6px; margin: 4px; border: 1px solid #8da1b4; border-radius: 5px; line-height: 60%\"><p style=\"margin-bottom: 0px\">Language: et</p><p style=\"margin-bottom: 0px\">Profile: <a href=\"StructureDefinition-ee-tis-allergy-patient-reported.html\">EE TIS AllergyIntolerance Patient Reported</a></p></div><p><b>clinicalStatus</b>: <span title=\"Codes:{http://terminology.hl7.org/CodeSystem/allergyintolerance-clinical active}\">Active</span></p><p><b>category</b>: Medication</p><p><b>code</b>: <span title=\"Codes:{http://snomed.info/sct 293586001}\">Aspirin allergy</span></p><p><b>patient</b>: <code>Patient/$ee-mpi-patient</code></p><p><b>recordedDate</b>: 2012-12-13</p><h3>Participants</h3><table class=\"grid\"><tr><td style=\"display: none\">-</td><td><b>Actor</b></td></tr><tr><td style=\"display: none\">*</td><td><code>Patient/$ee-mpi-patient</code></td></tr></table><p><b>note</b>: </p><blockquote><div><p>võtsin peavalurohtu ja läksin täiesti kärna</p>\n</div></blockquote><blockquote><p><b>reaction</b></p><h3>Manifestations</h3><table class=\"grid\"><tr><td style=\"display: none\">-</td><td><b>Concept</b></td></tr><tr><td style=\"display: none\">*</td><td><span title=\"Codes:{http://snomed.info/sct 3639002}\">Glossoptosis</span></td></tr></table><p><b>description</b>: ja nii on</p><p><b>onset</b>: 2023-12-23</p><p><b>exposureRoute</b>: <span title=\"Codes:{http://snomed.info/sct 26643006}\">Oral route</span></p></blockquote></div>"
  },
  "clinicalStatus" : {
    "coding" : [{
      "system" : "http://terminology.hl7.org/CodeSystem/allergyintolerance-clinical",
      "code" : "active",
      "display" : "Active"
    }]
  },
  "category" : ["medication"],
  "code" : {
    "coding" : [{
      "system" : "http://snomed.info/sct",
      "code" : "293586001",
      "display" : "Aspirin allergy"
    }]
  },
  "patient" : {
    "reference" : "Patient/$ee-mpi-patient"
  },
  "recordedDate" : "2012-12-13",
  "participant" : [{
    "actor" : {
      "reference" : "Patient/$ee-mpi-patient"
    }
  }],
  "note" : [{
    "text" : "võtsin peavalurohtu ja läksin täiesti kärna"
  }],
  "reaction" : [{
    "manifestation" : [{
      "concept" : {
        "coding" : [{
          "system" : "http://snomed.info/sct",
          "code" : "3639002",
          "display" : "Glossoptosis"
        }]
      }
    }],
    "description" : "ja nii on",
    "onset" : "2023-12-23",
    "exposureRoute" : {
      "coding" : [{
        "system" : "http://snomed.info/sct",
        "code" : "26643006",
        "display" : "Oral route"
      }]
    }
  }]
}