"Id","Path","Slice Name","Alias(s)","Label","Min","Max","Must Support?","Is Modifier?","Is Summary?","Type(s)","Short","Definition","Comments","Requirements","Default Value","Meaning When Missing","Fixed Value","Pattern","Example","Minimum Value","Maximum Value","Maximum Length","Binding Strength","Binding Description","Binding Value Set","Code","Slicing Discriminator","Slicing Description","Slicing Ordered","Slicing Rules","Base Path","Base Min","Base Max","Condition(s)","Constraint(s)","Mapping: FiveWs Pattern Mapping","Mapping: RIM Mapping","Mapping: HL7 V2 Mapping"
"AllergyIntolerance","AllergyIntolerance","","Allergy
IntoleranceAdverse Reaction","",0,*,"","","","null {[]} {[]}
","Allergy or Intolerance (generally: Risk of adverse reaction to a substance)","Risk of harmful or undesirable physiological response which is specific to an individual and associated with exposure to a substance.","Substances include, but are not limited to: a therapeutic substance administered correctly at an appropriate dosage for the individual; food; material derived from plants or animals; or venom from insect stings.","","","","","","","","",,,,,"",,,,"AllergyIntolerance",0,*,"","dom-2:If the resource is contained in another resource, it SHALL NOT contain nested Resources {contained.contained.empty()}
dom-3:If the resource is contained in another resource, it SHALL be referred to from elsewhere in the resource or SHALL refer to the containing resource {contained.where((('#'+id in (%resource.descendants().reference | %resource.descendants().ofType(canonical) | %resource.descendants().ofType(uri) | %resource.descendants().ofType(url))) or descendants().where(reference = '#').exists() or descendants().where(ofType(canonical) = '#').exists() or descendants().where(ofType(canonical) = '#').exists()).not()).trace('unmatched', id).empty()}dom-4:If a resource is contained in another resource, it SHALL NOT have a meta.versionId or a meta.lastUpdated {contained.meta.versionId.empty() and contained.meta.lastUpdated.empty()}dom-5:If a resource is contained in another resource, it SHALL NOT have a security label {contained.meta.security.empty()}dom-6:A resource should have narrative for robust management {text.`div`.exists()}ai-active-not-refuted:If clinicalStatus is active, verificationStatus must not be refuted. {clinicalStatus.coding.where(code='active').exists() implies verificationStatus.coding.where(code='refuted').empty()}ai-active-not-entered-in-error:If clinicalStatus is active, verificationStatus must not be entered-in-error. {clinicalStatus.coding.where(code='active').exists() implies verificationStatus.coding.where(code='entered-in-error').empty()}ai-resolved-not-refuted:If clinicalStatus is resolved, verificationStatus must not be refuted. {clinicalStatus.coding.where(code='resolved').exists() implies verificationStatus.coding.where(code='refuted').empty()}ai-resolved-not-entered-in-error:If clinicalStatus is resolved, verificationStatus must not be entered-in-error. {clinicalStatus.coding.where(code='resolved').exists() implies verificationStatus.coding.where(code='entered-in-error').empty()}","clinical.general","Entity, Role, or Act,Observation[classCode=OBS, moodCode=EVN]"
"AllergyIntolerance.id","AllergyIntolerance.id","","","",0,1,"","","Y","id {[]} {[]}
","Logical id of this artifact","The logical id of the resource, as used in the URL for the resource. Once assigned, this value never changes.","Within the context of the FHIR RESTful interactions, the resource has an id except for cases like the create and conditional update. Otherwise, the use of the resouce id depends on the given use case.","","","","","","","","",,,,,"",,,,"Resource.id",0,1,"",""
"AllergyIntolerance.meta","AllergyIntolerance.meta","","","",0,1,"","","Y","Meta {[]} {[]}
","Metadata about the resource","The metadata about the resource. This is content that is maintained by the infrastructure. Changes to the content might not always be associated with version changes to the resource.","","","","","","","","","",,,,,"",,,,"Resource.meta",0,1,"","ele-1:All FHIR elements must have a @value or children {hasValue() or (children().count() > id.count())}
"
"AllergyIntolerance.implicitRules","AllergyIntolerance.implicitRules","","","",0,1,"","Y","Y","uri {[]} {[]}
","A set of rules under which this content was created","A reference to a set of rules that were followed when the resource was constructed, and which must be understood when processing the content. Often, this is a reference to an implementation guide that defines the special rules along with other profiles etc.","Asserting this rule set restricts the content to be only understood by a limited set of trading partners. This inherently limits the usefulness of the data in the long term. However, the existing health eco-system is highly fractured, and not yet ready to define, collect, and exchange data in a generally computable sense. Wherever possible, implementers and/or specification writers should avoid using this element. Often, when used, the URL is a reference to an implementation guide that defines these special rules as part of its narrative along with other profiles, value sets, etc.","","","","","","","","",,,,,"",,,,"Resource.implicitRules",0,1,"","ele-1:All FHIR elements must have a @value or children {hasValue() or (children().count() > id.count())}
"
"AllergyIntolerance.language","AllergyIntolerance.language","","","",0,1,"","","","code {[]} {[]}
","Language of the resource content","The base language in which the resource is written.","Language is provided to support indexing and accessibility (typically, services such as text to speech use the language tag). The html language tag in the narrative applies  to the narrative. The language tag on the resource may be used to specify the language of other presentations generated from the data in the resource. Not all the content has to be in the base language. The Resource.language should not be assumed to apply to the narrative automatically. If a language is specified, it should it also be specified on the div element in the html (see rules in HTML5 for information about the relationship between xml:lang and the html lang attribute).","","","","","","","","",,"required","IETF language tag for a human language","http://hl7.org/fhir/ValueSet/all-languages|5.0.0","",,,,"Resource.language",0,1,"","ele-1:All FHIR elements must have a @value or children {hasValue() or (children().count() > id.count())}
"
"AllergyIntolerance.text","AllergyIntolerance.text","","narrative
htmlxhtmldisplay","",0,1,"","","","Narrative {[]} {[]}
","Text summary of the resource, for human interpretation","A human-readable narrative that contains a summary of the resource and can be used to represent the content of the resource to a human. The narrative need not encode all the structured data, but is required to contain sufficient detail to make it ""clinically safe"" for a human to just read the narrative. Resource definitions may define what content should be represented in the narrative to ensure clinical safety.","Contained resources do not have a narrative. Resources that are not contained SHOULD have a narrative. In some cases, a resource may only have text with little or no additional discrete data (as long as all minOccurs=1 elements are satisfied).  This may be necessary for data from legacy systems where information is captured as a ""text blob"" or where text is additionally entered raw or narrated and encoded information is added later.","","","","","","","","",,,,,"",,,,"DomainResource.text",0,1,"dom-6
","ele-1:All FHIR elements must have a @value or children {hasValue() or (children().count() > id.count())}
","Act.text?"
"AllergyIntolerance.contained","AllergyIntolerance.contained","","inline resources
anonymous resourcescontained resources","",0,0,"","","","Resource {[]} {[]}
","Contained, inline Resources","These resources do not have an independent existence apart from the resource that contains them - they cannot be identified independently, nor can they have their own independent transaction scope. This is allowed to be a Parameters resource if and only if it is referenced by a resource that provides context/meaning.","This should never be done when the content can be identified properly, as once identification is lost, it is extremely difficult (and context dependent) to restore it again. Contained resources may have profiles and tags in their meta elements, but SHALL NOT have security labels.","","","","","","","","",,,,,"",,,,"DomainResource.contained",0,*,"dom-2
dom-4dom-3dom-5","","N/A"
"AllergyIntolerance.extension","AllergyIntolerance.extension","","","",0,0,"","","","Extension {[]} {[]}
","Extension","An Extension","","","","","","","","","",,,,,"",,,,"DomainResource.extension",0,*,"","ele-1:All FHIR elements must have a @value or children {hasValue() or (children().count() > id.count())}
ext-1:Must have either extensions or value[x], not both {extension.exists() != value.exists()}"
"AllergyIntolerance.modifierExtension","AllergyIntolerance.modifierExtension","","extensions
user content","",0,*,"","Y","Y","Extension {[]} {[]}
","Extensions that cannot be ignored","May be used to represent additional information that is not part of the basic definition of the resource and that modifies the understanding of the element that contains it and/or the understanding of the containing element's descendants. Usually modifier elements provide negation or qualification. To make the use of extensions safe and managable, there is a strict set of governance applied to the definition and use of extensions. Though any implementer is allowed to define an extension, there is a set of requirements that SHALL be met as part of the definition of the extension. Applications processing a resource are required to check for modifier extensions.

Modifier extensions SHALL NOT change the meaning of any elements on Resource or DomainResource (including cannot change the meaning of modifierExtension itself).","There can be no stigma associated with the use of extensions by any application, project, or standard - regardless of the institution or jurisdiction that uses or defines the extensions.  The use of extensions is what allows the FHIR specification to retain a core level of simplicity for everyone.","Modifier extensions allow for extensions that *cannot* be safely ignored to be clearly distinguished from the vast majority of extensions which can be safely ignored.  This promotes interoperability by eliminating the need for implementers to prohibit the presence of extensions. For further information, see the [definition of modifier extensions](http://hl7.org/fhir/R5/extensibility.html#modifierExtension).","","","","","","","",,,,,"",,,,"DomainResource.modifierExtension",0,*,"","ele-1:All FHIR elements must have a @value or children {hasValue() or (children().count() > id.count())}
ext-1:Must have either extensions or value[x], not both {extension.exists() != value.exists()}","N/A"
"AllergyIntolerance.identifier","AllergyIntolerance.identifier","","","",0,*,"","","Y","Identifier {[]} {[]}
","External ids for this item","Business identifiers assigned to this AllergyIntolerance by the performer or other systems which remain constant as the resource is updated and propagates from server to server.","This is a business identifier, not a resource identifier (see [discussion](http://hl7.org/fhir/R5/resource.html#identifiers)).  It is best practice for the identifier to only appear on a single resource instance, however business practices may occasionally dictate that multiple resource instances with the same identifier can exist - possibly even with different resource types.  For example, multiple Patient and a Person resource instance might share the same social insurance number.","Allows identification of the AllergyIntolerance as it is known by various participating systems and in a way that remains consistent across servers.","","","","","","","",,,,,"",,,,"AllergyIntolerance.identifier",0,*,"","ele-1:All FHIR elements must have a @value or children {hasValue() or (children().count() > id.count())}
","FiveWs.identifier","id","IAM-7"
"AllergyIntolerance.clinicalStatus","AllergyIntolerance.clinicalStatus","","","",1,1,"","Y","Y","CodeableConcept {[]} {[]}
","Clinical status. (ee Allergia või talumatuse praegune kliiniline seisund (nt aktiivne, remissioonis, lahendatud).","The clinical status of the allergy or intolerance.","AllergyIntolerance.clinicalStatus should be present if verificationStatus is not entered-in-error and the AllergyIntolerance.code isn't negated (No Known Allergy, No Drug Allergy, No Food Allergy, No Latex Allergy).
Refer to [discussion](http://hl7.org/fhir/R5/extensibility.html#Special-Case) if clinicalStatus is missing data.
The data type is CodeableConcept because clinicalStatus has some clinical judgment involved, such that there might need to be more specificity than the required FHIR value set allows. For example, a SNOMED coding might allow for additional specificity.","","","","","","","","",,"required","","https://fhir.ee/ValueSet/allergia-kliiniline-staatus","",,,,"AllergyIntolerance.clinicalStatus",0,1,"","ele-1:All FHIR elements must have a @value or children {hasValue() or (children().count() > id.count())}
","FiveWs.status","Observation ACT .inboundRelationship[typeCode=COMP].source[classCode=OBS, code=""clinicalStatus"", moodCode=EVN].value"
"AllergyIntolerance.verificationStatus","AllergyIntolerance.verificationStatus","","","",1,1,"","Y","Y","CodeableConcept {[]} {[]}
","Verification status. (ee Seisundi kinnitatuse tase.)","Assertion about certainty associated with the propensity, or potential risk, of a reaction to the identified substance (including pharmaceutical product).  The verification status pertains to the allergy or intolerance, itself, not to any specific AllergyIntolerance attribute.","The data type is CodeableConcept because verificationStatus has some clinical judgment involved, such that there might need to be more specificity than the required FHIR value set allows. For example, a SNOMED coding might allow for additional specificity.","","","","","","","","",,"required","","https://fhir.ee/ValueSet/allergia-kinnitusstaatus","",,,,"AllergyIntolerance.verificationStatus",0,1,"","ele-1:All FHIR elements must have a @value or children {hasValue() or (children().count() > id.count())}
","FiveWs.status","Observation ACT .inboundRelationship[typeCode=COMP].source[classCode=OBS, code=""verificationStatus"", moodCode=EVN].value"
"AllergyIntolerance.type","AllergyIntolerance.type","","Category
Class","",0,1,"","","Y","CodeableConcept {[]} {[]}
","Allergy, intolerance or non-allerganic reaction. (ee Kirjeldab, kas seisund on allergia, mitteallergiline talumatus või teadmata tüüpi (nt kui pole teada, kas tegemist on allergiaga või talumatusega).)","Identification of the underlying physiological mechanism for the reaction risk.","Allergic (typically immune-mediated) reactions have been traditionally regarded as an indicator for potential escalation to significant future risk. Contemporary knowledge suggests that some reactions previously thought to be immune-mediated are, in fact, non-immune, but in some cases can still pose a life threatening risk. It is acknowledged that many clinicians might not be in a position to distinguish the mechanism of a particular reaction. Often the term ""allergy"" is used rather generically and may overlap with the use of ""intolerance"" - in practice the boundaries between these two concepts might not be well-defined or understood. This data element is included nevertheless, because many legacy systems have captured this attribute. Immunologic testing may provide supporting evidence for the basis of the reaction and the causative substance, but no tests are 100% sensitive or specific for sensitivity to a particular substance. If, as is commonly the case, it is unclear whether the reaction is due to an allergy or an intolerance, then the type element should be omitted from the resource.","","","","","","","","",,"required","","https://fhir.ee/ValueSet/allergia-voi-talumatuse-tyyp","",,,,"AllergyIntolerance.type",0,1,"","ele-1:All FHIR elements must have a @value or children {hasValue() or (children().count() > id.count())}
","FiveWs.class","code","IAM-9"
"AllergyIntolerance.category","AllergyIntolerance.category","","Category
TypeReaction TypeClass","",1,1,"","","Y","code {[]} {[]}
","Category of allergy. (ee Allergeeni üldine kategooria.)","Category of the identified substance.","This data element has been included because it is currently being captured in some clinical systems. This data can be derived from the substance where coding systems are used, and is effectively redundant in that situation.  When searching on category, consider the implications of AllergyIntolerance resources without a category.  For example, when searching on category = medication, medication allergies that don't have a category valued will not be returned.  Refer to [search](http://hl7.org/fhir/R5/search.html) for more information on how to search category with a :missing modifier to get allergies that don't have a category.  Additionally, category should be used with caution because category can be subjective based on the sender.","","","","","","","","",,"required","","https://fhir.ee/ValueSet/allergia-kategooria","",,,,"AllergyIntolerance.category",0,*,"","ele-1:All FHIR elements must have a @value or children {hasValue() or (children().count() > id.count())}
","FiveWs.class","value < IntoleranceValue (Agent)","AL1-2"
"AllergyIntolerance.criticality","AllergyIntolerance.criticality","","Severity
SeriousnessContra-indicationRisk","",0,1,"","","Y","code {[]} {[]}
","Criticality of allergy. (ee Potentsiaalne risk tulevaste eluohutavate kõrvaltoimete tekkeks, kui inimene puutub kokku ainega, mis on teadaolevalt põhjustanud kõrvaltoimeid.)","Estimate of the potential clinical harm, or seriousness, of the reaction to the identified substance.","The default criticality value for any propensity to an adverse reaction should be 'Low Risk', indicating at the very least a relative contraindication to deliberate or voluntary exposure to the substance. 'High Risk' is flagged if the clinician has identified a propensity for a more serious or potentially life-threatening reaction, such as anaphylaxis, and implies an absolute contraindication to deliberate or voluntary exposure to the substance. If this element is missing, the criticality is unknown (though it may be known elsewhere).  Systems that capture a severity at the condition level are actually representing the concept of criticality whereas the severity documented at the reaction level is representing the true reaction severity.  Existing systems that are capturing both condition criticality and reaction severity may use the term ""severity"" to represent both.  Criticality is the worst it could be in the future (i.e. situation-agnostic) whereas severity is situation-dependent.","","","","","","","","",,"required","","https://fhir.ee/ValueSet/allergia-kriitilisus","",,,,"AllergyIntolerance.criticality",0,1,"","ele-1:All FHIR elements must have a @value or children {hasValue() or (children().count() > id.count())}
","FiveWs.grade","inboundRelationship[typeCode=SUBJ].source[classCode=OBS, moodCode=EVN, code=SEV, value <= SeverityObservation (Severity Level)]","AL1-4"
"AllergyIntolerance.code","AllergyIntolerance.code","","Code
","",1,1,"","","Y","CodeableConcept {[]} {[]}
","Allergy code. (ee Allergeenile vastav standardiseeritud kood. Kui allergeeni kood ei ole saadaval, peab allergeeni kirjeldus olema võimalikult täielik.)","Code for an allergy or intolerance statement (either a positive or a negated/excluded statement).  This may be a code for a substance or pharmaceutical product that is considered to be responsible for the adverse reaction risk (e.g., ""Latex""), an allergy or intolerance condition (e.g., ""Latex allergy""), or a negated/excluded code for a specific substance or class (e.g., ""No latex allergy"") or a general or categorical negated statement (e.g.,  ""No known allergy"", ""No known drug allergies"").  Note: the substance for a specific reaction may be different from the substance identified as the cause of the risk, but it must be consistent with it. For instance, it may be a more specific substance (e.g. a brand medication) or a composite product that includes the identified substance. It must be clinically safe to only process the 'code' and ignore the 'reaction.substance'.  If a receiving system is unable to confirm that AllergyIntolerance.reaction.substance falls within the semantic scope of AllergyIntolerance.code, then the receiving system should ignore AllergyIntolerance.reaction.substance.","It is strongly recommended that this element be populated using a terminology, where possible. For example, some terminologies used include RxNorm, SNOMED CT, DM+D, NDFRT, ICD-9, IDC-10, UNII, and ATC. Plain text should only be used if there is no appropriate terminology available. Additional details can be specified in the text.When a substance or product code is specified for the 'code' element, the ""default"" semantic context is that this is a positive statement of an allergy or intolerance (depending on the value of the 'type' element, if present) condition to the specified substance/product.  In the corresponding SNOMED CT allergy model, the specified substance/product is the target (destination) of the ""Causative agent"" relationship.The 'substanceExposureRisk' extension is available as a structured and more flexible alternative to the 'code' element for making positive or negative allergy or intolerance statements.  This extension provides the capability to make ""no known allergy"" (or ""no risk of adverse reaction"") statements regarding any coded substance/product (including cases when a pre-coordinated ""no allergy to x"" concept for that substance/product does not exist).  If the 'substanceExposureRisk' extension is present, the AllergyIntolerance.code element SHALL be omitted.","","","","","","","","",,"required","","https://fhir.ee/ValueSet/allergia-allergeenid","",,,,"AllergyIntolerance.code",0,1,"","ele-1:All FHIR elements must have a @value or children {hasValue() or (children().count() > id.count())}
","FiveWs.what[x]","substance/product:.participation[typeCode=CAGNT].role[classCode=ADMM].player[classCode=MAT, determinerCode=KIND, code <= ExposureAgentEntityType]negated/excluded substance/product:.participation[typeCode=CAGNT, negationInd=true].role[classCode=ADMM].player[classCode=MAT, determinerCode=KIND, code <= ExposureAgentEntityType]positive or negated/excluded condition/situation:Observation.code=ASSERTION; Observation.value","AL1-3 / IAM-3"
"AllergyIntolerance.code.id","AllergyIntolerance.code.id","","","",0,0,"","","","id {[]} {[]}
","Unique id for inter-element referencing","Unique id for the element within a resource (for internal references). This may be any string value that does not contain spaces.","","","","","","","","","",,,,,"",,,,"Element.id",0,1,"ele-1
","","n/a"
"AllergyIntolerance.code.extension","AllergyIntolerance.code.extension","","","",0,0,"","","","Extension {[]} {[]}
","Extension","An Extension","","","","","","","","","",,,,,"","value:url}
","Extensions are always sliced by (at least) url",,"open","Element.extension",0,*,"","ele-1:All FHIR elements must have a @value or children {hasValue() or (children().count() > id.count())}
ext-1:Must have either extensions or value[x], not both {extension.exists() != value.exists()}"
"AllergyIntolerance.code.coding","AllergyIntolerance.code.coding","","","",0,*,"","","Y","Coding {[]} {[]}
","Code defined by a terminology system","A reference to a code defined by a terminology system.","Codes may be defined very casually in enumerations, or code lists, up to very formal definitions such as SNOMED CT - see the HL7 v3 Core Principles for more information.  Ordering of codings is undefined and SHALL NOT be used to infer meaning. Generally, at most only one of the coding values will be labeled as UserSelected = true.","Allows for alternative encodings within a code system, and translations to other code systems.","","","","","","","",,,,,"",,,,"CodeableConcept.coding",0,*,"","ele-1:All FHIR elements must have a @value or children {hasValue() or (children().count() > id.count())}
","union(., ./translation)","C*E.1-8, C*E.10-22"
"AllergyIntolerance.code.text","AllergyIntolerance.code.text","","","",0,1,"","","Y","string {[]} {[]}
","Description of allergy when there is no suitable code. (ee Aine kirjeldus, mis võib vallandada reaktsiooni. Kohustuslik ja võib korduda, kui kood pole piisav või on mitu kirjeldust.)","A human language representation of the concept as seen/selected/uttered by the user who entered the data and/or which represents the intended meaning of the user.","Very often the text is the same as a displayName of one of the codings.","The codes from the terminologies do not always capture the correct meaning with all the nuances of the human using them, or sometimes there is no appropriate code at all. In these cases, the text is used to capture the full meaning of the source.","","","","","","","",,,,,"",,,,"CodeableConcept.text",0,1,"","ele-1:All FHIR elements must have a @value or children {hasValue() or (children().count() > id.count())}
","./originalText[mediaType/code=""text/plain""]/data","C*E.9. But note many systems use C*E.2 for this"
"AllergyIntolerance.patient","AllergyIntolerance.patient","","Patient
","",1,1,"","","Y","Reference {[]} {[CanonicalType[https://fhir.ee/mpi/StructureDefinition/ee-mpi-patient-verified]]}
","Who the allergy or intolerance is for","The patient who has the allergy or intolerance.","","","","","","","","","",,,,,"",,,,"AllergyIntolerance.patient",1,1,"","ele-1:All FHIR elements must have a @value or children {hasValue() or (children().count() > id.count())}
","FiveWs.subject[x]",".participation[typeCode=SBJ].role[classCode=PAT]","(PID-3)"
"AllergyIntolerance.encounter","AllergyIntolerance.encounter","","","",0,1,"","","","Reference {[]} {[CanonicalType[http://hl7.org/fhir/StructureDefinition/Encounter|5.0.0]]}
","Reference to a contact during which the allergy was discovered. (ee Viide kontaktile, mille käigus allergia tuvastati.)","The encounter when the allergy or intolerance was asserted.","","","","","","","","","",,,,,"",,,,"AllergyIntolerance.encounter",0,1,"","ele-1:All FHIR elements must have a @value or children {hasValue() or (children().count() > id.count())}
","FiveWs.context",".inboundRelationship[typeCode=COMP].source[classCode=ENC, moodCode=EVN]"
"AllergyIntolerance.onset[x]","AllergyIntolerance.onset[x]","","","",0,1,"","","","dateTime {[]} {[]}
Period {[]} {[]}","When allergy or intolerance was identified","Estimated or actual date,  date-time, or age when allergy or intolerance was identified.","Age is generally used when the patient reports an age at which the AllergyIntolerance was noted. Period is generally used to convey an imprecise onset that occurred within the time period.  Range is generally used to convey an imprecise age range (e.g. 4 to 6 years old).","","","","","","","","",,,,,"","type:$this}
","",,"open","AllergyIntolerance.onset[x]",0,1,"","ele-1:All FHIR elements must have a @value or children {hasValue() or (children().count() > id.count())}
","FiveWs.init","effectiveTime.low"
"AllergyIntolerance.onset[x]:onsetPeriod","AllergyIntolerance.onset[x]","onsetPeriod","","",0,1,"","","","Period {[]} {[]}
","When allergy or intolerance was identified","Estimated or actual date,  date-time, or age when allergy or intolerance was identified.","Age is generally used when the patient reports an age at which the AllergyIntolerance was noted. Period is generally used to convey an imprecise onset that occurred within the time period.  Range is generally used to convey an imprecise age range (e.g. 4 to 6 years old).","","","","","","","","",,,,,"",,,,"AllergyIntolerance.onset[x]",0,1,"","ele-1:All FHIR elements must have a @value or children {hasValue() or (children().count() > id.count())}
","FiveWs.init","effectiveTime.low"
"AllergyIntolerance.onset[x]:onsetPeriod.id","AllergyIntolerance.onset[x].id","","","",0,1,"","","","id {[]} {[]}
","Unique id for inter-element referencing","Unique id for the element within a resource (for internal references). This may be any string value that does not contain spaces.","","","","","","","","","",,,,,"",,,,"Element.id",0,1,"ele-1
","","n/a"
"AllergyIntolerance.onset[x]:onsetPeriod.extension","AllergyIntolerance.onset[x].extension","","extensions
user content","",0,*,"","","","Extension {[]} {[]}
","Additional content defined by implementations","May be used to represent additional information that is not part of the basic definition of the element. To make the use of extensions safe and managable, there is a strict set of governance applied to the definition and use of extensions. Though any implementer can define an extension, there is a set of requirements that SHALL be met as part of the definition of the extension.","There can be no stigma associated with the use of extensions by any application, project, or standard - regardless of the institution or jurisdiction that uses or defines the extensions.  The use of extensions is what allows the FHIR specification to retain a core level of simplicity for everyone.","","","","","","","","",,,,,"","value:url}
","Extensions are always sliced by (at least) url",,"open","Element.extension",0,*,"","ele-1:All FHIR elements must have a @value or children {hasValue() or (children().count() > id.count())}
ext-1:Must have either extensions or value[x], not both {extension.exists() != value.exists()}","n/a"
"AllergyIntolerance.onset[x]:onsetPeriod.start","AllergyIntolerance.onset[x].start","","","",0,1,"","","Y","dateTime {[]} {[]}
","Starting time with inclusive boundary","The start of the period. The boundary is inclusive.","If the low element is missing, the meaning is that the low boundary is not known.","","","","","","","","",,,,,"",,,,"Period.start",0,1,"per-1
","ele-1:All FHIR elements must have a @value or children {hasValue() or (children().count() > id.count())}
","./low","DR.1"
"AllergyIntolerance.onset[x]:onsetPeriod.end","AllergyIntolerance.onset[x].end","","","",0,1,"","","Y","dateTime {[]} {[]}
","Date when allergy was considered resolved/not-active. (ee Kuupäev, millal allergia/talumatus loeti lahenenuks või mitteaktiivseks.","The end of the period. If the end of the period is missing, it means no end was known or planned at the time the instance was created. The start may be in the past, and the end date in the future, which means that period is expected/planned to end at that time.","The end value includes any matching date/time. i.e. 2012-02-03T10:00:00 is in a period that has an end value of 2012-02-03.","","","If the end of the period is missing, it means that the period is ongoing","","","","","",,,,,"",,,,"Period.end",0,1,"per-1
","ele-1:All FHIR elements must have a @value or children {hasValue() or (children().count() > id.count())}
","./high","DR.2"
"AllergyIntolerance.onset[x]:onsetAge","AllergyIntolerance.onset[x]","onsetAge","","",0,0,"","","","Age {[]} {[]}
","When allergy or intolerance was identified","Estimated or actual date,  date-time, or age when allergy or intolerance was identified.","Age is generally used when the patient reports an age at which the AllergyIntolerance was noted. Period is generally used to convey an imprecise onset that occurred within the time period.  Range is generally used to convey an imprecise age range (e.g. 4 to 6 years old).","","","","","","","","",,,,,"",,,,"AllergyIntolerance.onset[x]",0,1,"","ele-1:All FHIR elements must have a @value or children {hasValue() or (children().count() > id.count())}
","FiveWs.init","effectiveTime.low"
"AllergyIntolerance.onset[x]:onsetRange","AllergyIntolerance.onset[x]","onsetRange","","",0,0,"","","","Range {[]} {[]}
","When allergy or intolerance was identified","Estimated or actual date,  date-time, or age when allergy or intolerance was identified.","Age is generally used when the patient reports an age at which the AllergyIntolerance was noted. Period is generally used to convey an imprecise onset that occurred within the time period.  Range is generally used to convey an imprecise age range (e.g. 4 to 6 years old).","","","","","","","","",,,,,"",,,,"AllergyIntolerance.onset[x]",0,1,"","ele-1:All FHIR elements must have a @value or children {hasValue() or (children().count() > id.count())}
","FiveWs.init","effectiveTime.low"
"AllergyIntolerance.onset[x]:onsetString","AllergyIntolerance.onset[x]","onsetString","","",0,0,"","","","string {[]} {[]}
","When allergy or intolerance was identified","Estimated or actual date,  date-time, or age when allergy or intolerance was identified.","Age is generally used when the patient reports an age at which the AllergyIntolerance was noted. Period is generally used to convey an imprecise onset that occurred within the time period.  Range is generally used to convey an imprecise age range (e.g. 4 to 6 years old).","","","","","","","","",,,,,"",,,,"AllergyIntolerance.onset[x]",0,1,"","ele-1:All FHIR elements must have a @value or children {hasValue() or (children().count() > id.count())}
","FiveWs.init","effectiveTime.low"
"AllergyIntolerance.recordedDate","AllergyIntolerance.recordedDate","","","",1,1,"","","","dateTime {[]} {[]}
","Date when the allergy was first time recorded. (ee Kuupäev, millal allergia esimest korda registreeriti (määratakse süsteemi poolt automaatselt allergia esimese versiooni salvestamisel, järgmistes versioonides ei muudeta).)","The recordedDate represents when this particular AllergyIntolerance record was created in the system, which is often a system-generated date.","When onset date is unknown, recordedDate can be used to establish if the allergy or intolerance was present on or before a given date.  If the recordedDate is known and provided by a sending system, it is preferred that the receiving system preserve that recordedDate value. If the recordedDate is not provided by the sending system, the receipt timestamp is sometimes used as the recordedDate.","","","","","","","","",,,,,"",,,,"AllergyIntolerance.recordedDate",0,1,"","ele-1:All FHIR elements must have a @value or children {hasValue() or (children().count() > id.count())}
","FiveWs.recorded",".participation[typeCode=AUT].time","IAM-13"
"AllergyIntolerance.participant","AllergyIntolerance.participant","","","",1,1,"","","Y","BackboneElement {[]} {[]}
","Who or what participated in the activities related to the allergy or intolerance and how they were involved","Indicates who or what participated in the activities related to the allergy or intolerance and how they were involved.","","","","","","","","","",,,,,"",,,,"AllergyIntolerance.participant",0,*,"","ele-1:All FHIR elements must have a @value or children {hasValue() or (children().count() > id.count())}
",".participation[typeCode=PRF]"
"AllergyIntolerance.participant.id","AllergyIntolerance.participant.id","","","",0,0,"","","","string {[]} {[]}
","Unique id for inter-element referencing","Unique id for the element within a resource (for internal references). This may be any string value that does not contain spaces.","","","","","","","","","",,,,,"",,,,"Element.id",0,1,"ele-1
","","n/a"
"AllergyIntolerance.participant.extension","AllergyIntolerance.participant.extension","","","",0,0,"","","","Extension {[]} {[]}
","Extension","An Extension","","","","","","","","","",,,,,"",,,,"Element.extension",0,*,"","ele-1:All FHIR elements must have a @value or children {hasValue() or (children().count() > id.count())}
ext-1:Must have either extensions or value[x], not both {extension.exists() != value.exists()}"
"AllergyIntolerance.participant.modifierExtension","AllergyIntolerance.participant.modifierExtension","","","",0,0,"","Y","Y","Extension {[]} {[]}
","Extension","An Extension","","","","","","","","","",,,,,"",,,,"BackboneElement.modifierExtension",0,*,"","ele-1:All FHIR elements must have a @value or children {hasValue() or (children().count() > id.count())}
ext-1:Must have either extensions or value[x], not both {extension.exists() != value.exists()}"
"AllergyIntolerance.participant.function","AllergyIntolerance.participant.function","","","",0,1,"","","Y","CodeableConcept {[]} {[]}
","Type of involvement","Distinguishes the type of involvement of the actor in the activities related to the allergy or intolerance.","","","","","","<valueCodeableConcept xmlns=""http://hl7.org/fhir"">
  <coding>
    <code value=""author""/>
  </coding>
</valueCodeableConcept>","","","",,"extensible","","http://hl7.org/fhir/ValueSet/participation-role-type|5.0.0","",,,,"AllergyIntolerance.participant.function",0,1,"","ele-1:All FHIR elements must have a @value or children {hasValue() or (children().count() > id.count())}
",".participation.functionCode"
"AllergyIntolerance.participant.actor","AllergyIntolerance.participant.actor","","","",1,1,"","","Y","Reference {[]} {[CanonicalType[http://hl7.org/fhir/StructureDefinition/PractitionerRole]]}
","Who or what participated in the activities related to the allergy or intolerance","Indicates who or what participated in the activities related to the allergy or intolerance.","","","","","","","","","",,,,,"",,,,"AllergyIntolerance.participant.actor",1,1,"","ele-1:All FHIR elements must have a @value or children {hasValue() or (children().count() > id.count())}
","FiveWs.who",".player"
"AllergyIntolerance.lastOccurrence","AllergyIntolerance.lastOccurrence","","","",0,0,"","","","dateTime {[]} {[]}
","Date(/time) of last known occurrence of a reaction","Represents the date and/or time of the last known occurrence of a reaction event.","This date may be replicated by one of the Onset of Reaction dates. Where a textual representation of the date of last occurrence is required e.g. 'In Childhood, '10 years ago' the AllergyIntolerance.note element should be used.","","","","","","","","",,,,,"",,,,"AllergyIntolerance.lastOccurrence",0,1,"","ele-1:All FHIR elements must have a @value or children {hasValue() or (children().count() > id.count())}
","outBoundRelationship[typeCode=SUBJ].target[classCode=OBS, moodCode=EVN, code <= CommonClinicalObservationType, value <= ObservationValue (Reaction Type)].effectiveTime"
"AllergyIntolerance.note","AllergyIntolerance.note","","","",0,1,"","","","Annotation {[]} {[]}
","Other relevant information. (ee Muu asjakohane teave, mida ei saanud mujal struktureeritult esitada.)","Additional narrative about the propensity for the Adverse Reaction, not captured in other fields.","For example: including reason for flagging a seriousness of 'High Risk'; and instructions related to future exposure or administration of the substance, such as administration within an Intensive Care Unit or under corticosteroid cover. The notes should be related to an allergy or intolerance as a condition in general and not related to any particular episode of it. For episode notes and descriptions, use AllergyIntolerance.event.description and  AllergyIntolerance.event.notes.","","","","","","","","",,,,,"",,,,"AllergyIntolerance.note",0,*,"","ele-1:All FHIR elements must have a @value or children {hasValue() or (children().count() > id.count())}
","subjectOf.observationEvent[code=""annotation""].value"
"AllergyIntolerance.reaction","AllergyIntolerance.reaction","","","",1,*,"","","","BackboneElement {[]} {[]}
","Adverse Reaction Events linked to exposure to substance","Details about each adverse reaction event linked to exposure to the identified substance.","","","","","","","","","",,,,,"",,,,"AllergyIntolerance.reaction",0,*,"","ele-1:All FHIR elements must have a @value or children {hasValue() or (children().count() > id.count())}
","outBoundRelationship[typeCode=SUBJ].target[classCode=OBS, moodCode=EVN, code <= CommonClinicalObservationType, value <= ObservationValue (Reaction Type)]"
"AllergyIntolerance.reaction.id","AllergyIntolerance.reaction.id","","","",0,0,"","","","string {[]} {[]}
","Unique id for inter-element referencing","Unique id for the element within a resource (for internal references). This may be any string value that does not contain spaces.","","","","","","","","","",,,,,"",,,,"Element.id",0,1,"ele-1
","","n/a"
"AllergyIntolerance.reaction.extension","AllergyIntolerance.reaction.extension","","","",0,*,"","","","Extension {[]} {[]}
","This is a reference to a Condition-extension which will be replaced in the future when Condition IG is ready and available.","An Extension","","","","","","","","","",,,,,"","value:url}
","",,"open","Element.extension",0,*,"","ele-1:All FHIR elements must have a @value or children {hasValue() or (children().count() > id.count())}
ext-1:Must have either extensions or value[x], not both {extension.exists() != value.exists()}"
"AllergyIntolerance.reaction.extension:diagnose","AllergyIntolerance.reaction.extension","diagnose","","",0,1,"","","","Extension {[CanonicalType[https://fhir.ee/allergy/StructureDefinition/ee-tis-allergy-diagnosis]]} {[]}
","Extension","An Extension","","","","","","","","","",,,,,"",,,,"Element.extension",0,*,"","ele-1:All FHIR elements must have a @value or children {hasValue() or (children().count() > id.count())}
ext-1:Must have either extensions or value[x], not both {extension.exists() != value.exists()}"
"AllergyIntolerance.reaction.modifierExtension","AllergyIntolerance.reaction.modifierExtension","","","",0,0,"","Y","Y","Extension {[]} {[]}
","Extension","An Extension","","","","","","","","","",,,,,"",,,,"BackboneElement.modifierExtension",0,*,"","ele-1:All FHIR elements must have a @value or children {hasValue() or (children().count() > id.count())}
ext-1:Must have either extensions or value[x], not both {extension.exists() != value.exists()}"
"AllergyIntolerance.reaction.substance","AllergyIntolerance.reaction.substance","","","",0,1,"","","","CodeableConcept {[]} {[]}
","Use https://fhir.ee/ValueSet/toimeained Nb! VS is from MedIn. NB!(ee Toimeainete loend Ravimiregistrist. NB! Ei ole Terminoloogiaserveris!)","Identification of the specific substance (or pharmaceutical product) considered to be responsible for the Adverse Reaction event. Note: the substance for a specific reaction may be different from the substance identified as the cause of the risk, but it must be consistent with it. For instance, it may be a more specific substance (e.g. a brand medication) or a composite product that includes the identified substance. It must be clinically safe to only process the 'code' and ignore the 'reaction.substance'.  If a receiving system is unable to confirm that AllergyIntolerance.reaction.substance falls within the semantic scope of AllergyIntolerance.code, then the receiving system should ignore AllergyIntolerance.reaction.substance.","Coding of the specific substance (or pharmaceutical product) with a terminology capable of triggering decision support should be used wherever possible.  The 'code' element allows for the use of a specific substance or pharmaceutical product, or a group or class of substances. In the case of an allergy or intolerance to a class of substances, (for example, ""penicillins""), the 'reaction.substance' element could be used to code the specific substance that was identified as having caused the reaction (for example, ""amoxycillin""). Duplication of the value in the 'code' and 'reaction.substance' elements is acceptable when a specific substance has been recorded in 'code'.","","","","","","","","",,"required","","https://fhir.ee/ValueSet/toimeained","",,,,"AllergyIntolerance.reaction.substance",0,1,"","ele-1:All FHIR elements must have a @value or children {hasValue() or (children().count() > id.count())}
","outBoundRelationship[typeCode=SAS].target[classCode=SBADM, code <= ExposureCode].participation[typeCode=CSM].role[classCode=ADMM].player[classCode=MAT, determinerCode=KIND, code <= ExposureAgentEntityType]"
"AllergyIntolerance.reaction.manifestation","AllergyIntolerance.reaction.manifestation","","Symptoms
Signs","",1,*,"","","","CodeableReference {[]} {[CanonicalType[http://hl7.org/fhir/StructureDefinition/Observation|5.0.0]]}
","How allergy is manifested. (ee Allergilise reaktsiooni kliinilise avaldumise kirjeldus (nt anafülaksia, angioödeem, nõgestõbi). Allergia avaldumine VÕI Reaktsioon allergeenile.)","Clinical symptoms and/or signs that are observed or associated with the adverse reaction event.","Manifestation can be expressed as a single word, phrase or brief description. For example: nausea, rash or no reaction. It is preferable that manifestation should be coded with a terminology, where possible. The values entered here may be used to display on an application screen as part of a list of adverse reactions, as recommended in the UK NHS CUI guidelines.  Terminologies commonly used include, but are not limited to, SNOMED CT or ICD10.","","","","","","","","",,"required","","https://fhir.ee/ValueSet/allergia-reaktsiooni-avaldumine","",,,,"AllergyIntolerance.reaction.manifestation",1,*,"","ele-1:All FHIR elements must have a @value or children {hasValue() or (children().count() > id.count())}
","code","AL1-5"
"AllergyIntolerance.reaction.description","AllergyIntolerance.reaction.description","","Narrative
Text","",0,1,"","","","string {[]} {[]}
","Additional explanation of the allergy. (ee Täiendav tekstiline kirjeldus allergiast, talumatusest või meditsiinilisest hoiatusest (nt aspiriini talumatus seedetrakti verejooksu tõttu).","Text description about the reaction as a whole, including details of the manifestation if required.","Use the description to provide any details of a particular event of the occurred reaction such as circumstances, reaction specifics, what happened before/after. Information, related to the event, but not describing a particular care should be captured in the note field. For example: at the age of four, the patient was given penicillin for strep throat and subsequently developed severe hives.","","","","","","","","",,,,,"",,,,"AllergyIntolerance.reaction.description",0,1,"","ele-1:All FHIR elements must have a @value or children {hasValue() or (children().count() > id.count())}
","text"
"AllergyIntolerance.reaction.onset","AllergyIntolerance.reaction.onset","","","",0,1,"","","","dateTime {[]} {[]}
","Date of reaction. (ee Kuupäev, millal reaktsioon esmakordselt täheldati.)","Record of the date and/or time of the onset of the Reaction.","","","","","","","","","",,,,,"",,,,"AllergyIntolerance.reaction.onset",0,1,"","ele-1:All FHIR elements must have a @value or children {hasValue() or (children().count() > id.count())}
","effectiveTime.low","AL1-6"
"AllergyIntolerance.reaction.severity","AllergyIntolerance.reaction.severity","","","",0,1,"","","","code {[]} {[]}
","Severity of the reaction. (ee Täheldatud reaktsiooni kliiniline tõsidus (näiteks kerge, mõõdukas, raske).","Clinical assessment of the severity of the reaction event as a whole, potentially considering multiple different manifestations.","It is acknowledged that this assessment is very subjective. There may be some specific practice domains where objective scales have been applied. Objective scales can be included in this model as extensions.","","","","","","","","",,"required","","https://fhir.ee/ValueSet/reaktsiooni-raskusaste","",,,,"AllergyIntolerance.reaction.severity",0,1,"","ele-1:All FHIR elements must have a @value or children {hasValue() or (children().count() > id.count())}
","inboundRelationship[typeCode=SUBJ].source[classCode=OBS, moodCode=EVN, code=SEV, value <= SeverityObservation (Severity Level)]"
"AllergyIntolerance.reaction.exposureRoute","AllergyIntolerance.reaction.exposureRoute","","","",0,1,"","","","CodeableConcept {[]} {[]}
","What was the route of exposure to the allergen. (ee Kuidas toimus kokkupuude ainega.)","Identification of the route by which the subject was exposed to the substance.","Coding of the route of exposure with a terminology should be used wherever possible.","","","","","","","","",,"required","","https://fhir.ee/ValueSet/allergia-kokkupuude-manustamisviis","",,,,"AllergyIntolerance.reaction.exposureRoute",0,1,"","ele-1:All FHIR elements must have a @value or children {hasValue() or (children().count() > id.count())}
","outBoundRelationship[typeCode=SAS].target[classCode=SBADM, code <= ExposureCode].routeCode"
"AllergyIntolerance.reaction.note","AllergyIntolerance.reaction.note","","","",0,0,"","","","Annotation {[]} {[]}
","Text about event not captured in other fields","Additional text about the adverse reaction event not captured in other fields.","Use this field to record information indirectly related to a particular event and not captured in the description. For example: Clinical records are no longer available, recorded based on information provided to the patient by her mother and her mother is deceased.","","","","","","","","",,,,,"",,,,"AllergyIntolerance.reaction.note",0,*,"","ele-1:All FHIR elements must have a @value or children {hasValue() or (children().count() > id.count())}
","subjectOf.observationEvent[code=""annotation""].value"
