{
  "package": "ig-ee-allergy",
  "version": "0.1.0",
  "fhirVersion": "5.0.0",
  "jurisdiction": "EE",
  "extensions": [
    {
      "url": "https://fhir.ee/allergy/StructureDefinition/ee-tis-allergy-diagnosis",
      "title": "Diagnose of allergy/intolerance",
      "types": [
        "Reference"
      ]
    }
  ],
  "profiles": {
    "Condition": [
      {
        "url": "https://fhir.ee/allergy/StructureDefinition/ee-tis-allergy-condition",
        "title": "EE TIS Condition"
      }
    ],
    "AllergyIntolerance": [
      {
        "url": "https://fhir.ee/allergy/StructureDefinition/ee-tis-allergy-intolerance",
        "title": "EE TIS AllergyIntolerance"
      },
      {
        "url": "https://fhir.ee/allergy/StructureDefinition/ee-tis-allergy-intolerance-no-allergy",
        "title": "EE TIS AllergyIntoleranceNoAllergy"
      },
      {
        "url": "https://fhir.ee/allergy/StructureDefinition/ee-tis-allergy-patient-reported",
        "title": "EE TIS AllergyIntolerance Patient Reported"
      }
    ]
  },
  "usage": {
    "http://hl7.org/fhir/StructureDefinition/elementdefinition-bestpractice": [
      "StructureDefinition.snapshot.element.constraint"
    ],
    "http://hl7.org/fhir/StructureDefinition/elementdefinition-bestpractice-explanation": [
      "StructureDefinition.snapshot.element.constraint"
    ],
    "http://hl7.org/fhir/StructureDefinition/elementdefinition-bindingName": [
      "StructureDefinition.snapshot.element.binding"
    ],
    "http://hl7.org/fhir/StructureDefinition/elementdefinition-translatable": [
      "StructureDefinition.snapshot.element"
    ],
    "http://hl7.org/fhir/StructureDefinition/structuredefinition-fhir-type": [
      "StructureDefinition.snapshot.element.type"
    ],
    "http://hl7.org/fhir/StructureDefinition/structuredefinition-type-characteristics": [
      "StructureDefinition"
    ],
    "http://hl7.org/fhir/tools/StructureDefinition/ig-internal-dependency": [
      "ImplementationGuide.definition"
    ],
    "http://hl7.org/fhir/tools/StructureDefinition/implementationguide-dependency-comment": [
      "ImplementationGuide.dependsOn"
    ],
    "http://hl7.org/fhir/tools/StructureDefinition/resource-information": [
      "ImplementationGuide.definition.resource"
    ],
    "http://hl7.org/fhir/tools/StructureDefinition/snapshot-base-version": [
      "StructureDefinition.snapshot"
    ],
    "https://fhir.ee/allergy/StructureDefinition/ee-tis-allergy-diagnosis": [
      "AllergyIntolerance.reaction"
    ]
  }
}