{"resourceType":"ImplementationGuide","id":"ig-ee-allergy","text":{"status":"generated","div":"<div xmlns=\"http://www.w3.org/1999/xhtml\"><p class=\"res-header-id\"><b>Generated Narrative: ImplementationGuide ig-ee-allergy</b></p><a name=\"ig-ee-allergy\"> </a><a name=\"hcig-ee-allergy\"> </a><h2>EETISIGAllergy</h2><p>The official URL for this implementation guide is: </p><pre>https://fhir.ee/allergy/ImplementationGuide/ig-ee-allergy</pre><div><p>TEHIK IG starter project to Allergy</p>\n</div></div>"},"url":"https://fhir.ee/allergy/ImplementationGuide/ig-ee-allergy","version":"0.1.0","name":"EETISIGAllergy","title":"EE TIS Allergy IG","status":"draft","date":"2026-02-20T13:54:17+00:00","publisher":"TEHIK","contact":[{"name":"TEHIK","telecom":[{"system":"url","value":"https://www.tehik.ee"},{"system":"email","value":"fhir@tehik.ee"}]},{"name":"TEHIK Andmekorraldus","telecom":[{"system":"email","value":"andmekorraldus@tehik.ee","use":"work"}]}],"description":"TEHIK IG starter project to Allergy","jurisdiction":[{"coding":[{"system":"urn:iso:std:iso:3166","code":"EE","display":"Estonia"}]}],"packageId":"ig-ee-allergy","license":"MIT","fhirVersion":["5.0.0"],"dependsOn":[{"id":"hl7tx","extension":[{"url":"http://hl7.org/fhir/tools/StructureDefinition/implementationguide-dependency-comment","valueMarkdown":"Automatically added as a dependency - all IGs depend on HL7 Terminology"}],"uri":"http://terminology.hl7.org/ImplementationGuide/hl7.terminology","packageId":"hl7.terminology.r5","version":"7.0.1"},{"id":"hl7_fhir_uv_extensions","uri":"http://hl7.org/fhir/extensions/ImplementationGuide/hl7.fhir.uv.extensions","packageId":"hl7.fhir.uv.extensions","version":"current"},{"id":"ee_fhir_base","uri":"https://fhir.ee/base/ImplementationGuide/ee.fhir.base","packageId":"ee.fhir.base","version":"2.0.0"},{"id":"ee_fhir_mpi","uri":"https://fhir.ee/mpi/ImplementationGuide/ee.fhir.mpi","packageId":"ee.fhir.mpi","version":"1.5.0"}],"definition":{"extension":[{"url":"http://hl7.org/fhir/tools/StructureDefinition/ig-internal-dependency","valueCode":"hl7.fhir.uv.tools.r5#0.9.0"}],"grouping":[{"id":"-str-profile","name":"Structures: Resource Profiles","description":"These define constraints on FHIR resources for systems conforming to this implementation guide."},{"id":"-str-extension","name":"Structures: Extension Definitions","description":"These define constraints on FHIR data types for systems conforming to this implementation guide."},{"id":"-ex-example","name":"Example: Example Instances","description":"These are example instances that show what data produced and consumed by systems conforming with this implementation guide might look like."}],"resource":[{"extension":[{"url":"http://hl7.org/fhir/tools/StructureDefinition/resource-sort","valueInteger":999999999},{"url":"http://hl7.org/fhir/StructureDefinition/implementationguide-page","valueUri":"StructureDefinition-ee-tis-allergy-intolerance.html"}],"reference":{"reference":"StructureDefinition/ee-tis-allergy-intolerance"},"name":"EE TIS AllergyIntolerance","description":"A base profile for allergy and intolerance. (ee Tervishoiutöötaja poolt registreeritav allergia.)","isExample":false,"groupingId":"-str-profile"},{"extension":[{"url":"http://hl7.org/fhir/tools/StructureDefinition/resource-sort","valueInteger":999999999},{"url":"http://hl7.org/fhir/StructureDefinition/implementationguide-page","valueUri":"StructureDefinition-ee-tis-allergy-patient-reported.html"}],"reference":{"reference":"StructureDefinition/ee-tis-allergy-patient-reported"},"name":"EE TIS AllergyIntolerance Patient Reported","description":"A profile for allergy or intolerance which is reported by patient or RelatedPerson.","isExample":false,"groupingId":"-str-profile"},{"extension":[{"url":"http://hl7.org/fhir/tools/StructureDefinition/resource-sort","valueInteger":999999999},{"url":"http://hl7.org/fhir/StructureDefinition/implementationguide-page","valueUri":"StructureDefinition-ee-tis-allergy-intolerance-no-allergy.html"}],"reference":{"reference":"StructureDefinition/ee-tis-allergy-intolerance-no-allergy"},"name":"EE TIS AllergyIntoleranceNoAllergy","description":"A profile when there is NO KNOWN allergy/intolerance.","isExample":false,"groupingId":"-str-profile"},{"extension":[{"url":"http://hl7.org/fhir/tools/StructureDefinition/resource-sort","valueInteger":999999999},{"url":"http://hl7.org/fhir/StructureDefinition/implementationguide-page","valueUri":"StructureDefinition-ee-tis-allergy-condition.html"}],"reference":{"reference":"StructureDefinition/ee-tis-allergy-condition"},"name":"EE TIS Condition","description":"A profile for condition/diagnose allergy and intolerance.","isExample":false,"groupingId":"-str-profile"},{"extension":[{"url":"http://hl7.org/fhir/tools/StructureDefinition/resource-sort","valueInteger":999999999},{"url":"http://hl7.org/fhir/StructureDefinition/implementationguide-page","valueUri":"StructureDefinition-ee-tis-allergy-diagnosis.html"}],"reference":{"reference":"StructureDefinition/ee-tis-allergy-diagnosis"},"name":"Diagnose of allergy/intolerance","description":"Reference to a diagnose related to allergy/intolerance. (ee Kinnitus tõenäosusele, mis on seotud kalduvuse või potentsiaalse riskiga reaktsiooni suhtes tuvastatud ainele.)","isExample":false,"groupingId":"-str-extension"},{"extension":[{"url":"http://hl7.org/fhir/tools/StructureDefinition/resource-sort","valueInteger":999999999},{"url":"http://hl7.org/fhir/StructureDefinition/implementationguide-page","valueUri":"AllergyIntolerance-AllergyMedicationFourSubstances.html"}],"reference":{"reference":"AllergyIntolerance/AllergyMedicationFourSubstances"},"name":"An example of a medication allergy, reaction with many substances.","description":"Example of a medication allergy where several different penicillin related substances cause reaction","isExample":true,"profile":["https://fhir.ee/allergy/StructureDefinition/ee-tis-allergy-intolerance"],"groupingId":"-ex-example"},{"extension":[{"url":"http://hl7.org/fhir/tools/StructureDefinition/resource-sort","valueInteger":999999999},{"url":"http://hl7.org/fhir/StructureDefinition/implementationguide-page","valueUri":"AllergyIntolerance-AllergyBiologic.html"}],"reference":{"reference":"AllergyIntolerance/AllergyBiologic"},"name":"Example of a biologic allergy","description":"An example of a biologic allergy.","isExample":true,"profile":["https://fhir.ee/allergy/StructureDefinition/ee-tis-allergy-intolerance"],"groupingId":"-ex-example"},{"extension":[{"url":"http://hl7.org/fhir/tools/StructureDefinition/resource-sort","valueInteger":999999999},{"url":"http://hl7.org/fhir/StructureDefinition/implementationguide-page","valueUri":"Condition-AllergyCondition1.html"}],"reference":{"reference":"Condition/AllergyCondition1"},"name":"Example of a diagnose reference related to allergy","description":"Example of a diagnose related to allergy","isExample":true,"profile":["https://fhir.ee/allergy/StructureDefinition/ee-tis-allergy-condition"],"groupingId":"-ex-example"},{"extension":[{"url":"http://hl7.org/fhir/tools/StructureDefinition/resource-sort","valueInteger":999999999},{"url":"http://hl7.org/fhir/StructureDefinition/implementationguide-page","valueUri":"AllergyIntolerance-AllergyEnvironment.html"}],"reference":{"reference":"AllergyIntolerance/AllergyEnvironment"},"name":"Example of a environmental allergy","description":"An example of a environmental allergy.","isExample":true,"profile":["https://fhir.ee/allergy/StructureDefinition/ee-tis-allergy-intolerance"],"groupingId":"-ex-example"},{"extension":[{"url":"http://hl7.org/fhir/tools/StructureDefinition/resource-sort","valueInteger":999999999},{"url":"http://hl7.org/fhir/StructureDefinition/implementationguide-page","valueUri":"AllergyIntolerance-AllergyFood.html"}],"reference":{"reference":"AllergyIntolerance/AllergyFood"},"name":"Example of a food allergy","description":"An example of a food allergy.","isExample":true,"profile":["https://fhir.ee/allergy/StructureDefinition/ee-tis-allergy-intolerance"],"groupingId":"-ex-example"},{"extension":[{"url":"http://hl7.org/fhir/tools/StructureDefinition/resource-sort","valueInteger":999999999},{"url":"http://hl7.org/fhir/StructureDefinition/implementationguide-page","valueUri":"AllergyIntolerance-AllergyMedication.html"}],"reference":{"reference":"AllergyIntolerance/AllergyMedication"},"name":"Example of a medication allergy","description":"An example of a medication allergy.","isExample":true,"profile":["https://fhir.ee/allergy/StructureDefinition/ee-tis-allergy-intolerance"],"groupingId":"-ex-example"},{"extension":[{"url":"http://hl7.org/fhir/tools/StructureDefinition/resource-sort","valueInteger":999999999},{"url":"http://hl7.org/fhir/StructureDefinition/implementationguide-page","valueUri":"AllergyIntolerance-noAllergy.html"}],"reference":{"reference":"AllergyIntolerance/noAllergy"},"name":"Example of no known Allergy","description":"An example of a no known allergy.","isExample":true,"profile":["https://fhir.ee/allergy/StructureDefinition/ee-tis-allergy-intolerance-no-allergy"],"groupingId":"-ex-example"},{"extension":[{"url":"http://hl7.org/fhir/tools/StructureDefinition/resource-sort","valueInteger":999999999},{"url":"http://hl7.org/fhir/StructureDefinition/implementationguide-page","valueUri":"AllergyIntolerance-AllergyPatientReportedFood.html"}],"reference":{"reference":"AllergyIntolerance/AllergyPatientReportedFood"},"name":"Example of patient reported food allergy.","description":"A food allergy reported by patient.","isExample":true,"profile":["https://fhir.ee/allergy/StructureDefinition/ee-tis-allergy-patient-reported"],"groupingId":"-ex-example"},{"extension":[{"url":"http://hl7.org/fhir/tools/StructureDefinition/resource-sort","valueInteger":999999999},{"url":"http://hl7.org/fhir/StructureDefinition/implementationguide-page","valueUri":"AllergyIntolerance-AllergyPatientReportedDrug.html"}],"reference":{"reference":"AllergyIntolerance/AllergyPatientReportedDrug"},"name":"Patient reported medication allergy","description":"A medication allergy reported by patient.","isExample":true,"profile":["https://fhir.ee/allergy/StructureDefinition/ee-tis-allergy-patient-reported"],"groupingId":"-ex-example"}],"page":{"sourceUrl":"toc.html","name":"toc.html","title":"Table of Contents","generation":"html","page":[{"sourceUrl":"index.html","name":"index.html","title":"Home","generation":"markdown"},{"sourceUrl":"intolerance.html","name":"intolerance.html","title":"Intolerance","generation":"markdown"},{"sourceUrl":"page2.html","name":"page2.html","title":"Sample page 2","generation":"markdown"},{"sourceUrl":"downloads.html","name":"downloads.html","title":"Downloads","generation":"html"},{"sourceUrl":"contacts.html","name":"contacts.html","title":"Contacts","generation":"markdown"},{"sourceUrl":"search.html","name":"search.html","title":"Search","generation":"html"},{"sourceUrl":"artifacts.html","name":"artifacts.html","title":"Artifacts Summary","generation":"html","page":[{"sourceUrl":"StructureDefinition-ee-tis-allergy-intolerance.html","name":"StructureDefinition-ee-tis-allergy-intolerance.html","title":"EE TIS AllergyIntolerance","generation":"generated"},{"sourceUrl":"StructureDefinition-ee-tis-allergy-patient-reported.html","name":"StructureDefinition-ee-tis-allergy-patient-reported.html","title":"EE TIS AllergyIntolerance Patient Reported","generation":"generated"},{"sourceUrl":"StructureDefinition-ee-tis-allergy-intolerance-no-allergy.html","name":"StructureDefinition-ee-tis-allergy-intolerance-no-allergy.html","title":"EE TIS AllergyIntoleranceNoAllergy","generation":"generated"},{"sourceUrl":"StructureDefinition-ee-tis-allergy-condition.html","name":"StructureDefinition-ee-tis-allergy-condition.html","title":"EE TIS Condition","generation":"generated"},{"sourceUrl":"StructureDefinition-ee-tis-allergy-diagnosis.html","name":"StructureDefinition-ee-tis-allergy-diagnosis.html","title":"Diagnose of allergy/intolerance","generation":"generated"},{"sourceUrl":"AllergyIntolerance-AllergyMedicationFourSubstances.html","name":"AllergyIntolerance-AllergyMedicationFourSubstances.html","title":"An example of a medication allergy, reaction with many substances.","generation":"generated"},{"sourceUrl":"AllergyIntolerance-AllergyBiologic.html","name":"AllergyIntolerance-AllergyBiologic.html","title":"Example of a biologic allergy","generation":"generated"},{"sourceUrl":"Condition-AllergyCondition1.html","name":"Condition-AllergyCondition1.html","title":"Example of a diagnose reference related to allergy","generation":"generated"},{"sourceUrl":"AllergyIntolerance-AllergyEnvironment.html","name":"AllergyIntolerance-AllergyEnvironment.html","title":"Example of a environmental allergy","generation":"generated"},{"sourceUrl":"AllergyIntolerance-AllergyFood.html","name":"AllergyIntolerance-AllergyFood.html","title":"Example of a food allergy","generation":"generated"},{"sourceUrl":"AllergyIntolerance-AllergyMedication.html","name":"AllergyIntolerance-AllergyMedication.html","title":"Example of a medication allergy","generation":"generated"},{"sourceUrl":"AllergyIntolerance-noAllergy.html","name":"AllergyIntolerance-noAllergy.html","title":"Example of no known Allergy","generation":"generated"},{"sourceUrl":"AllergyIntolerance-AllergyPatientReportedFood.html","name":"AllergyIntolerance-AllergyPatientReportedFood.html","title":"Example of patient reported food allergy.","generation":"generated"},{"sourceUrl":"AllergyIntolerance-AllergyPatientReportedDrug.html","name":"AllergyIntolerance-AllergyPatientReportedDrug.html","title":"Patient reported medication allergy","generation":"generated"}]}]},"parameter":[{"code":{"system":"http://hl7.org/fhir/tools/CodeSystem/ig-parameters","code":"copyrightyear"},"value":"2025+"},{"code":{"system":"http://hl7.org/fhir/tools/CodeSystem/ig-parameters","code":"releaselabel"},"value":"draft"},{"code":{"system":"http://hl7.org/fhir/tools/CodeSystem/ig-parameters","code":"excludettl"},"value":"true"},{"code":{"system":"http://hl7.org/fhir/tools/CodeSystem/ig-parameters","code":"validation"},"value":"allow-any-extensions"},{"code":{"system":"http://hl7.org/fhir/tools/CodeSystem/ig-parameters","code":"show-inherited-invariants"},"value":"false"},{"code":{"system":"http://hl7.org/fhir/tools/CodeSystem/ig-parameters","code":"autoload-resources"},"value":"true"},{"code":{"system":"http://hl7.org/fhir/guide-parameter-code","code":"path-resource"},"value":"input/capabilities"},{"code":{"system":"http://hl7.org/fhir/guide-parameter-code","code":"path-resource"},"value":"input/examples"},{"code":{"system":"http://hl7.org/fhir/guide-parameter-code","code":"path-resource"},"value":"input/extensions"},{"code":{"system":"http://hl7.org/fhir/guide-parameter-code","code":"path-resource"},"value":"input/models"},{"code":{"system":"http://hl7.org/fhir/guide-parameter-code","code":"path-resource"},"value":"input/operations"},{"code":{"system":"http://hl7.org/fhir/guide-parameter-code","code":"path-resource"},"value":"input/profiles"},{"code":{"system":"http://hl7.org/fhir/guide-parameter-code","code":"path-resource"},"value":"input/resources"},{"code":{"system":"http://hl7.org/fhir/guide-parameter-code","code":"path-resource"},"value":"input/vocabulary"},{"code":{"system":"http://hl7.org/fhir/guide-parameter-code","code":"path-resource"},"value":"input/maps"},{"code":{"system":"http://hl7.org/fhir/guide-parameter-code","code":"path-resource"},"value":"input/testing"},{"code":{"system":"http://hl7.org/fhir/guide-parameter-code","code":"path-resource"},"value":"input/history"},{"code":{"system":"http://hl7.org/fhir/guide-parameter-code","code":"path-resource"},"value":"fsh-generated/resources"},{"code":{"system":"http://hl7.org/fhir/guide-parameter-code","code":"path-pages"},"value":"template/config"},{"code":{"system":"http://hl7.org/fhir/guide-parameter-code","code":"path-pages"},"value":"input/images"},{"code":{"system":"http://hl7.org/fhir/tools/CodeSystem/ig-parameters","code":"path-liquid"},"value":"template/liquid"},{"code":{"system":"http://hl7.org/fhir/tools/CodeSystem/ig-parameters","code":"path-liquid"},"value":"input/liquid"},{"code":{"system":"http://hl7.org/fhir/tools/CodeSystem/ig-parameters","code":"path-qa"},"value":"temp/qa"},{"code":{"system":"http://hl7.org/fhir/tools/CodeSystem/ig-parameters","code":"path-temp"},"value":"temp/pages"},{"code":{"system":"http://hl7.org/fhir/tools/CodeSystem/ig-parameters","code":"path-output"},"value":"output"},{"code":{"system":"http://hl7.org/fhir/guide-parameter-code","code":"path-tx-cache"},"value":"input-cache/txcache"},{"code":{"system":"http://hl7.org/fhir/tools/CodeSystem/ig-parameters","code":"path-suppressed-warnings"},"value":"input/ignoreWarnings.txt"},{"code":{"system":"http://hl7.org/fhir/tools/CodeSystem/ig-parameters","code":"path-history"},"value":"https://fhir.ee/allergy/history.html"},{"code":{"system":"http://hl7.org/fhir/tools/CodeSystem/ig-parameters","code":"template-html"},"value":"template-page.html"},{"code":{"system":"http://hl7.org/fhir/tools/CodeSystem/ig-parameters","code":"template-md"},"value":"template-page-md.html"},{"code":{"system":"http://hl7.org/fhir/tools/CodeSystem/ig-parameters","code":"apply-contact"},"value":"true"},{"code":{"system":"http://hl7.org/fhir/tools/CodeSystem/ig-parameters","code":"apply-context"},"value":"true"},{"code":{"system":"http://hl7.org/fhir/tools/CodeSystem/ig-parameters","code":"apply-copyright"},"value":"true"},{"code":{"system":"http://hl7.org/fhir/tools/CodeSystem/ig-parameters","code":"apply-jurisdiction"},"value":"true"},{"code":{"system":"http://hl7.org/fhir/tools/CodeSystem/ig-parameters","code":"apply-license"},"value":"true"},{"code":{"system":"http://hl7.org/fhir/tools/CodeSystem/ig-parameters","code":"apply-publisher"},"value":"true"},{"code":{"system":"http://hl7.org/fhir/tools/CodeSystem/ig-parameters","code":"apply-version"},"value":"true"},{"code":{"system":"http://hl7.org/fhir/tools/CodeSystem/ig-parameters","code":"apply-wg"},"value":"true"},{"code":{"system":"http://hl7.org/fhir/tools/CodeSystem/ig-parameters","code":"active-tables"},"value":"true"},{"code":{"system":"http://hl7.org/fhir/tools/CodeSystem/ig-parameters","code":"fmm-definition"},"value":"http://hl7.org/fhir/versions.html#maturity"},{"code":{"system":"http://hl7.org/fhir/tools/CodeSystem/ig-parameters","code":"propagate-status"},"value":"true"},{"code":{"system":"http://hl7.org/fhir/tools/CodeSystem/ig-parameters","code":"excludelogbinaryformat"},"value":"true"},{"code":{"system":"http://hl7.org/fhir/tools/CodeSystem/ig-parameters","code":"tabbed-snapshots"},"value":"true"}]}}